"linkage","linkage.sourceMethodFileName","linkage.testMethodFileName","linkage.SourceMethodName","linkage.TestMethodName","linkage.Sha_DateTime_All","linkage.Count"
"ConsoleApp.linkage","Gson","GsonTest","newBuilder()","testClonedTypeAdapterFactoryListsAreIndependent()","20-09-2017 06:53:10 PM -07:00:08bbb226f11a1f7f76835f953e700d905e1fab4d",1
"ConsoleApp.linkage","JsonParser","JsonParserTest","parseString(String)","testParseInvalidJson()","15-04-2019 11:25:40 PM +02:00:c5a3f21fbad3828deba1deb88168e1f76829f807",1
"ConsoleApp.linkage","JsonParser","JsonParserTest","parseString(String)","testParseUnquotedStringArrayFails()","15-04-2019 11:25:40 PM +02:00:c5a3f21fbad3828deba1deb88168e1f76829f807",1
"ConsoleApp.linkage","JsonParser","JsonParserTest","parseString(String)","testParseString()","15-04-2019 11:25:40 PM +02:00:c5a3f21fbad3828deba1deb88168e1f76829f807",1
"ConsoleApp.linkage","JsonParser","JsonParserTest","parseString(String)","testParseEmptyString()","15-04-2019 11:25:40 PM +02:00:c5a3f21fbad3828deba1deb88168e1f76829f807",1
"ConsoleApp.linkage","JsonParser","JsonParserTest","parseString(String)","testParseEmptyWhitespaceInput()","15-04-2019 11:25:40 PM +02:00:c5a3f21fbad3828deba1deb88168e1f76829f807",1
"ConsoleApp.linkage","JsonParser","JsonParserTest","parseString(String)","testParseUnquotedSingleWordStringFails()","15-04-2019 11:25:40 PM +02:00:c5a3f21fbad3828deba1deb88168e1f76829f807",1
"ConsoleApp.linkage","JsonParser","JsonParserTest","parseString(String)","testParseUnquotedMultiWordStringFails()","15-04-2019 11:25:40 PM +02:00:c5a3f21fbad3828deba1deb88168e1f76829f807",1
"ConsoleApp.linkage","JsonParser","JsonParserTest","parseString(String)","testParseMixedArray()","15-04-2019 11:25:40 PM +02:00:c5a3f21fbad3828deba1deb88168e1f76829f807",1
"ConsoleApp.linkage","JsonParser","JsonParserTest","parse(String)","testParseString()","31-03-2009 05:53:23 PM +00:00:2034090b15cfef51d81e860b1d49340147378618",1
"ConsoleApp.linkage","GsonBuilder","GsonBuilderTest","setDateFormat(int)","testSetDateFormatValidStyle()","01-03-2024 09:17:12 PM +01:00:13be1d104d5a5d39a93ff8202de4e75adbfc40f6
18-11-2023 11:09:25 PM +01:00:66847264765180c849f945ca13704aa0eae79c58",2
"ConsoleApp.linkage","GsonBuilder","GsonBuilderTest","setDateFormat(int)","testSetDateFormatInvalidStyle()","01-03-2024 09:17:12 PM +01:00:13be1d104d5a5d39a93ff8202de4e75adbfc40f6
18-11-2023 11:09:25 PM +01:00:66847264765180c849f945ca13704aa0eae79c58",2
"ConsoleApp.linkage","GsonBuilder","GsonBuilderTest","setDateFormat(int, int)","testSetDateFormatValidStyle()","18-11-2023 11:09:25 PM +01:00:66847264765180c849f945ca13704aa0eae79c58",1
"ConsoleApp.linkage","GsonBuilder","GsonBuilderTest","setDateFormat(int, int)","testSetDateFormatInvalidStyle()","18-11-2023 11:09:25 PM +01:00:66847264765180c849f945ca13704aa0eae79c58",1
"ConsoleApp.linkage","GsonBuilder","GsonBuilderTest","registerTypeHierarchyAdapter(Class, Object)","testRegisterTypeHierarchyAdapterJsonElements()","03-10-2023 09:29:54 AM -05:00:0109f451299e7780a334d1844548d3a3346a9b39",1
"ConsoleApp.linkage","GsonBuilder","GsonBuilderTest","setLenient()","testSetLenient()","30-07-2023 09:20:32 AM -07:00:b3dce2dc17086c72bd1f8ccf508874849f9631bb",1
"ConsoleApp.linkage","GsonBuilder","GsonBuilderTest","create()","testDefaultStrictness()","30-07-2023 09:20:32 AM -07:00:b3dce2dc17086c72bd1f8ccf508874849f9631bb",1
"ConsoleApp.linkage","GsonBuilder","GsonBuilderTest","create()","testSetLenient()","30-07-2023 09:20:32 AM -07:00:b3dce2dc17086c72bd1f8ccf508874849f9631bb",1
"ConsoleApp.linkage","GsonBuilder","GsonBuilderTest","create()","testSetStrictness()","30-07-2023 09:20:32 AM -07:00:b3dce2dc17086c72bd1f8ccf508874849f9631bb",1
"ConsoleApp.linkage","GsonBuilder","GsonBuilderTest","create()","testDisableJdkUnsafe()","31-12-2021 12:08:18 AM +01:00:615c8835d309e1be512dd98809b48332ce70250d",1
"ConsoleApp.linkage","GsonBuilder","GsonBuilderTest","setVersion(double)","testSetVersionInvalid()","03-10-2022 01:38:43 AM +02:00:796193d0326a2f44bc314bf24262732ea3e64014",1
"ConsoleApp.linkage","GsonBuilder","GsonBuilderTest","disableJdkUnsafe()","testDisableJdkUnsafe()","31-12-2021 12:08:18 AM +01:00:615c8835d309e1be512dd98809b48332ce70250d",1
"ConsoleApp.linkage","DefaultDateTypeAdapter","DefaultDateTypeAdapterTest","createAdapterFactory(String)","testDatePattern()","25-08-2021 11:26:58 AM -07:00:1023f0fe34ff1019109cd5f548c52eaee49750a5
09-05-2020 05:37:21 PM +02:00:380c4ec12c7a8b2b85cc3a8ac78b3f123162c70c",2
"ConsoleApp.linkage","DefaultDateTypeAdapter","DefaultDateTypeAdapterTest","createAdapterFactory(String)","testInvalidDatePattern()","25-08-2021 11:26:58 AM -07:00:1023f0fe34ff1019109cd5f548c52eaee49750a5
09-05-2020 05:37:21 PM +02:00:380c4ec12c7a8b2b85cc3a8ac78b3f123162c70c",2
"ConsoleApp.linkage","DefaultDateTypeAdapter","DefaultDateTypeAdapterTest","createAdapterFactory(int, int)","assertFormattingAlwaysEmitsUsLocale(Locale)","25-08-2021 11:26:58 AM -07:00:1023f0fe34ff1019109cd5f548c52eaee49750a5
09-05-2020 05:37:21 PM +02:00:380c4ec12c7a8b2b85cc3a8ac78b3f123162c70c",2
"ConsoleApp.linkage","DefaultDateTypeAdapter","DefaultDateTypeAdapterTest","createAdapterFactory(int, int)","testParsingDatesFormattedWithSystemLocale()","25-08-2021 11:26:58 AM -07:00:1023f0fe34ff1019109cd5f548c52eaee49750a5
09-05-2020 05:37:21 PM +02:00:380c4ec12c7a8b2b85cc3a8ac78b3f123162c70c",2
"ConsoleApp.linkage","DefaultDateTypeAdapter","DefaultDateTypeAdapterTest","createAdapterFactory(int, int)","testParsingDatesFormattedWithUsLocale()","25-08-2021 11:26:58 AM -07:00:1023f0fe34ff1019109cd5f548c52eaee49750a5
09-05-2020 05:37:21 PM +02:00:380c4ec12c7a8b2b85cc3a8ac78b3f123162c70c",2
"ConsoleApp.linkage","DefaultDateTypeAdapter","DefaultDateTypeAdapterTest","createAdapter(String)","testDatePattern()","12-02-2020 07:25:56 PM +01:00:541252a9fb9837eb8867c094adcd37af2a655731",1
"ConsoleApp.linkage","DefaultDateTypeAdapter","DefaultDateTypeAdapterTest","createAdapter(String)","testInvalidDatePattern()","12-02-2020 07:25:56 PM +01:00:541252a9fb9837eb8867c094adcd37af2a655731",1
"ConsoleApp.linkage","DefaultDateTypeAdapter","DefaultDateTypeAdapterTest","createAdapter(int)","assertFormattingAlwaysEmitsUsLocale(Locale)","12-02-2020 07:25:56 PM +01:00:541252a9fb9837eb8867c094adcd37af2a655731",1
"ConsoleApp.linkage","DefaultDateTypeAdapter","DefaultDateTypeAdapterTest","createAdapter(int)","testParsingDatesFormattedWithSystemLocale()","12-02-2020 07:25:56 PM +01:00:541252a9fb9837eb8867c094adcd37af2a655731",1
"ConsoleApp.linkage","DefaultDateTypeAdapter","DefaultDateTypeAdapterTest","createAdapter(int)","testParsingDatesFormattedWithUsLocale()","12-02-2020 07:25:56 PM +01:00:541252a9fb9837eb8867c094adcd37af2a655731",1
"ConsoleApp.linkage","DefaultDateTypeAdapter","DefaultDateTypeAdapterTest","createAdapter(int)","testDateSerialization()","12-02-2020 07:25:56 PM +01:00:541252a9fb9837eb8867c094adcd37af2a655731",1
"ConsoleApp.linkage","DefaultDateTypeAdapter","DefaultDateTypeAdapterTest","createAdapter(int, int)","assertFormattingAlwaysEmitsUsLocale(Locale)","12-02-2020 07:25:56 PM +01:00:541252a9fb9837eb8867c094adcd37af2a655731",1
"ConsoleApp.linkage","DefaultDateTypeAdapter","DefaultDateTypeAdapterTest","createAdapter(int, int)","testParsingDatesFormattedWithSystemLocale()","12-02-2020 07:25:56 PM +01:00:541252a9fb9837eb8867c094adcd37af2a655731",1
"ConsoleApp.linkage","DefaultDateTypeAdapter","DefaultDateTypeAdapterTest","createAdapter(int, int)","testParsingDatesFormattedWithUsLocale()","12-02-2020 07:25:56 PM +01:00:541252a9fb9837eb8867c094adcd37af2a655731",1
"ConsoleApp.linkage","DefaultDateTypeAdapter","DefaultDateTypeAdapterTest","createDefaultsAdapter()","assertFormattingAlwaysEmitsUsLocale(Locale)","12-02-2020 07:25:56 PM +01:00:541252a9fb9837eb8867c094adcd37af2a655731",1
"ConsoleApp.linkage","DefaultDateTypeAdapter","DefaultDateTypeAdapterTest","createDefaultsAdapter()","testParsingDatesFormattedWithSystemLocale()","12-02-2020 07:25:56 PM +01:00:541252a9fb9837eb8867c094adcd37af2a655731",1
"ConsoleApp.linkage","DefaultDateTypeAdapter","DefaultDateTypeAdapterTest","createDefaultsAdapter()","testParsingDatesFormattedWithUsLocale()","12-02-2020 07:25:56 PM +01:00:541252a9fb9837eb8867c094adcd37af2a655731",1
"ConsoleApp.linkage","DefaultDateTypeAdapter","DefaultDateTypeAdapterTest","createDefaultsAdapter()","testFormatUsesDefaultTimezone()","12-02-2020 07:25:56 PM +01:00:541252a9fb9837eb8867c094adcd37af2a655731",1
"ConsoleApp.linkage","DefaultDateTypeAdapter","DefaultDateTypeAdapterTest","createDefaultsAdapter()","testDateDeserializationISO8601()","12-02-2020 07:25:56 PM +01:00:541252a9fb9837eb8867c094adcd37af2a655731",1
"ConsoleApp.linkage","DefaultDateTypeAdapter","DefaultDateTypeAdapterTest","createDefaultsAdapter()","testNullValue()","12-02-2020 07:25:56 PM +01:00:541252a9fb9837eb8867c094adcd37af2a655731",1
"ConsoleApp.linkage","DefaultDateTypeAdapter","DefaultDateTypeAdapterTest","createDefaultsAdapter()","testUnexpectedToken()","12-02-2020 07:25:56 PM +01:00:541252a9fb9837eb8867c094adcd37af2a655731",1
"ConsoleApp.linkage","JsonPrimitive","JsonPrimitiveTest","equals(Object)","testBigDecimalEquals()","09-02-2024 05:38:42 PM +01:00:db61bb07f04512b6fc21a5ce4d2b7cd380a1e7fc",1
"ConsoleApp.linkage","JsonPrimitive","JsonPrimitiveTest","equals(Object)","testBigDecimalEqualsZero()","09-02-2024 05:38:42 PM +01:00:db61bb07f04512b6fc21a5ce4d2b7cd380a1e7fc",1
"ConsoleApp.linkage","JsonPrimitive","JsonPrimitiveTest","equals(Object)","testEqualsDoubleNaNAndBigDecimal()","09-02-2024 05:38:42 PM +01:00:db61bb07f04512b6fc21a5ce4d2b7cd380a1e7fc",1
"ConsoleApp.linkage","JsonPrimitive","JsonPrimitiveTest","equals(Object)","testEqualsIntegerAndBigInteger()","06-02-2023 06:40:11 PM +01:00:af2179843601c73aa96062208d8f324a45243e47",1
"ConsoleApp.linkage","JsonPrimitive","JsonPrimitiveTest","equals(Object)","testEquals()","15-02-2011 12:14:20 AM +00:00:3d006c90a2d2e53f786acdba64f48d9b12ab0ed3",1
"ConsoleApp.linkage","JsonPrimitive","JsonPrimitiveTest","equals(Object)","testEqualsDoesNotEquateStringAndNonStringTypes()","15-02-2011 12:14:20 AM +00:00:3d006c90a2d2e53f786acdba64f48d9b12ab0ed3",1
"ConsoleApp.linkage","JsonPrimitive","JsonPrimitiveTest","getAsNumber()","testAsNumber_Boolean()","21-08-2022 10:29:40 PM +02:00:51a72b463bc447d32fe8e594afa1980fd34e52d6",1
"ConsoleApp.linkage","JsonPrimitive","JsonPrimitiveTest","getAsString()","testStringsAndChar()","21-08-2022 10:29:40 PM +02:00:51a72b463bc447d32fe8e594afa1980fd34e52d6",1
"ConsoleApp.linkage","JsonPrimitive","JsonPrimitiveTest","getAsCharacter()","testStringsAndChar()","21-08-2022 10:29:40 PM +02:00:51a72b463bc447d32fe8e594afa1980fd34e52d6",1
"ConsoleApp.linkage","JsonPrimitive","JsonPrimitiveTest","deepCopy()","testDeepCopy()","21-08-2012 01:19:43 AM +00:00:9c4b23b39ad8bb0e42b0b3324a929bbb8b52158f",1
"ConsoleApp.linkage","JsonPrimitive","JsonPrimitiveTest","getAsBoolean()","testBoolean()","23-10-2011 09:41:30 PM +00:00:0340e01f98274f2ec573fcd1475fdc3d3fbca4ef
14-04-2011 02:42:47 AM +00:00:c894fb6c2321231c3793a2092650596d53f37e41",2
"ConsoleApp.linkage","JsonPrimitive","JsonPrimitiveTest","hashCode()","testByteEqualsShort()","23-09-2009 06:54:01 PM +00:00:fdcd3945c53c4a1c921ea8097cbecbbf154fa9e8",1
"ConsoleApp.linkage","JsonPrimitive","JsonPrimitiveTest","hashCode()","testByteEqualsInteger()","23-09-2009 06:54:01 PM +00:00:fdcd3945c53c4a1c921ea8097cbecbbf154fa9e8",1
"ConsoleApp.linkage","JsonPrimitive","JsonPrimitiveTest","hashCode()","testByteEqualsLong()","23-09-2009 06:54:01 PM +00:00:fdcd3945c53c4a1c921ea8097cbecbbf154fa9e8",1
"ConsoleApp.linkage","JsonPrimitive","JsonPrimitiveTest","hashCode()","testByteEqualsBigInteger()","23-09-2009 06:54:01 PM +00:00:fdcd3945c53c4a1c921ea8097cbecbbf154fa9e8",1
"ConsoleApp.linkage","JsonPrimitive","JsonPrimitiveTest","hashCode()","testShortEqualsInteger()","23-09-2009 06:54:01 PM +00:00:fdcd3945c53c4a1c921ea8097cbecbbf154fa9e8",1
"ConsoleApp.linkage","JsonPrimitive","JsonPrimitiveTest","hashCode()","testShortEqualsLong()","23-09-2009 06:54:01 PM +00:00:fdcd3945c53c4a1c921ea8097cbecbbf154fa9e8",1
"ConsoleApp.linkage","JsonPrimitive","JsonPrimitiveTest","hashCode()","testShortEqualsBigInteger()","23-09-2009 06:54:01 PM +00:00:fdcd3945c53c4a1c921ea8097cbecbbf154fa9e8",1
"ConsoleApp.linkage","JsonPrimitive","JsonPrimitiveTest","hashCode()","testIntegerEqualsLong()","23-09-2009 06:54:01 PM +00:00:fdcd3945c53c4a1c921ea8097cbecbbf154fa9e8",1
"ConsoleApp.linkage","JsonPrimitive","JsonPrimitiveTest","hashCode()","testIntegerEqualsBigInteger()","23-09-2009 06:54:01 PM +00:00:fdcd3945c53c4a1c921ea8097cbecbbf154fa9e8",1
"ConsoleApp.linkage","JsonPrimitive","JsonPrimitiveTest","hashCode()","testLongEqualsBigInteger()","23-09-2009 06:54:01 PM +00:00:fdcd3945c53c4a1c921ea8097cbecbbf154fa9e8",1
"ConsoleApp.linkage","JsonPrimitive","JsonPrimitiveTest","hashCode()","testFloatEqualsDouble()","23-09-2009 06:54:01 PM +00:00:fdcd3945c53c4a1c921ea8097cbecbbf154fa9e8",1
"ConsoleApp.linkage","JsonPrimitive","JsonPrimitiveTest","hashCode()","testFloatEqualsBigDecimal()","23-09-2009 06:54:01 PM +00:00:fdcd3945c53c4a1c921ea8097cbecbbf154fa9e8",1
"ConsoleApp.linkage","JsonPrimitive","JsonPrimitiveTest","hashCode()","testDoubleEqualsBigDecimal()","23-09-2009 06:54:01 PM +00:00:fdcd3945c53c4a1c921ea8097cbecbbf154fa9e8",1
"ConsoleApp.linkage","TypeAdapter","TypeAdapterTest","toJson(T)","testToJson_ThrowingIOException()","08-08-2022 05:19:44 PM +02:00:6fc1c8f7f17a949b4dd743603df88f1935db7907",1
"ConsoleApp.linkage","TypeAdapter","StreamingTypeAdaptersTest","nullSafe()","testNullSafe()","06-12-2011 03:35:52 PM +00:00:eb2230caf0c8d1e2d9ea67e7c4afce72f1eccc3f
06-12-2011 08:18:00 AM +00:00:0b734e46e180a452e4bff45878ac60441be6ff74",2
"ConsoleApp.linkage","JavaVersion","JavaVersionTest","parseMajorJavaVersion(String)","testJava6()","09-01-2024 07:19:09 PM +01:00:5187808233eff87bd2c8cc582d5ef545f755a5e5",1
"ConsoleApp.linkage","JavaVersion","JavaVersionTest","parseMajorJavaVersion(String)","testJava7()","09-01-2024 07:19:09 PM +01:00:5187808233eff87bd2c8cc582d5ef545f755a5e5",1
"ConsoleApp.linkage","JavaVersion","JavaVersionTest","parseMajorJavaVersion(String)","testJava8()","09-01-2024 07:19:09 PM +01:00:5187808233eff87bd2c8cc582d5ef545f755a5e5",1
"ConsoleApp.linkage","JavaVersion","JavaVersionTest","parseMajorJavaVersion(String)","testJava9()","09-01-2024 07:19:09 PM +01:00:5187808233eff87bd2c8cc582d5ef545f755a5e5",1
"ConsoleApp.linkage","JavaVersion","JavaVersionTest","parseMajorJavaVersion(String)","testJava10()","09-01-2024 07:19:09 PM +01:00:5187808233eff87bd2c8cc582d5ef545f755a5e5",1
"ConsoleApp.linkage","JavaVersion","JavaVersionTest","parseMajorJavaVersion(String)","testUnknownVersionFormat()","09-01-2024 07:19:09 PM +01:00:5187808233eff87bd2c8cc582d5ef545f755a5e5",1
"ConsoleApp.linkage","LinkedTreeMap","LinkedTreeMapTest","put(K, V)","testPutNullValue()","18-08-2022 10:10:43 PM +02:00:5e1005ea27cdaeb2c328983521f99e6c1e177524",1
"ConsoleApp.linkage","LinkedTreeMap","LinkedTreeMapTest","put(K, V)","testPutNullValue_Forbidden()","18-08-2022 10:10:43 PM +02:00:5e1005ea27cdaeb2c328983521f99e6c1e177524",1
"ConsoleApp.linkage","LinkedTreeMap","LinkedTreeMapTest","put(K, V)","testEntrySetValueNull()","18-08-2022 10:10:43 PM +02:00:5e1005ea27cdaeb2c328983521f99e6c1e177524",1
"ConsoleApp.linkage","LinkedTreeMap","LinkedTreeMapTest","put(K, V)","testEntrySetValueNull_Forbidden()","18-08-2022 10:10:43 PM +02:00:5e1005ea27cdaeb2c328983521f99e6c1e177524",1
"ConsoleApp.linkage","LinkedTreeMap","LinkedTreeMapTest","put(K, V)","testContainsNullKeyIsAlwaysFalse()","18-08-2022 10:10:43 PM +02:00:5e1005ea27cdaeb2c328983521f99e6c1e177524",1
"ConsoleApp.linkage","LinkedTreeMap","LinkedTreeMapTest","put(K, V)","testRemoveRootDoesNotDoubleUnlink()","12-09-2012 04:41:58 AM +00:00:a6ab854302bf2398ed221afe7aefd0c717b5d1fa",1
"ConsoleApp.linkage","LinkedTreeMap","LinkedTreeMapTest","setValue(V)","testEntrySetValueNull()","18-08-2022 10:10:43 PM +02:00:5e1005ea27cdaeb2c328983521f99e6c1e177524",1
"ConsoleApp.linkage","LinkedTreeMap","LinkedTreeMapTest","setValue(V)","testEntrySetValueNull_Forbidden()","18-08-2022 10:10:43 PM +02:00:5e1005ea27cdaeb2c328983521f99e6c1e177524",1
"ConsoleApp.linkage","LinkedTreeMap","LinkedTreeMapTest","next()","testEntrySetValueNull()","18-08-2022 10:10:43 PM +02:00:5e1005ea27cdaeb2c328983521f99e6c1e177524",1
"ConsoleApp.linkage","LinkedTreeMap","LinkedTreeMapTest","next()","testEntrySetValueNull_Forbidden()","18-08-2022 10:10:43 PM +02:00:5e1005ea27cdaeb2c328983521f99e6c1e177524",1
"ConsoleApp.linkage","LinkedTreeMap","LinkedTreeMapTest","next()","testRemoveRootDoesNotDoubleUnlink()","18-04-2022 12:27:21 AM +02:00:4dda4ec5ba81a02406f40f3d73192ab9bc568f48
12-09-2012 04:41:58 AM +00:00:a6ab854302bf2398ed221afe7aefd0c717b5d1fa",2
"ConsoleApp.linkage","LinkedTreeMap","LinkedTreeMapTest","next()","assertAvlWalker(Node, String[])","17-09-2012 12:19:44 AM +00:00:aceadaecf18cf7ad011ae3040aa3fe570559902d
15-09-2012 06:13:33 AM +00:00:a0493b9732636879b4d06538787f74e2757cd92a",2
"ConsoleApp.linkage","LinkedTreeMap","LinkedTreeMapTest","iterator()","testEntrySetValueNull()","18-08-2022 10:10:43 PM +02:00:5e1005ea27cdaeb2c328983521f99e6c1e177524",1
"ConsoleApp.linkage","LinkedTreeMap","LinkedTreeMapTest","iterator()","testEntrySetValueNull_Forbidden()","18-08-2022 10:10:43 PM +02:00:5e1005ea27cdaeb2c328983521f99e6c1e177524",1
"ConsoleApp.linkage","LinkedTreeMap","LinkedTreeMapTest","iterator()","testRemoveRootDoesNotDoubleUnlink()","18-04-2022 12:27:21 AM +02:00:4dda4ec5ba81a02406f40f3d73192ab9bc568f48
12-09-2012 04:41:58 AM +00:00:a6ab854302bf2398ed221afe7aefd0c717b5d1fa",2
"ConsoleApp.linkage","LinkedTreeMap","LinkedTreeMapTest","clear()","testClear()","18-04-2022 12:27:21 AM +02:00:4dda4ec5ba81a02406f40f3d73192ab9bc568f48
17-09-2012 12:19:44 AM +00:00:aceadaecf18cf7ad011ae3040aa3fe570559902d",2
"ConsoleApp.linkage","LinkedTreeMap","LinkedTreeMapTest","hasNext()","assertAvlWalker(Node, String[])","17-09-2012 12:19:44 AM +00:00:aceadaecf18cf7ad011ae3040aa3fe570559902d
15-09-2012 06:13:33 AM +00:00:a0493b9732636879b4d06538787f74e2757cd92a",2
"ConsoleApp.linkage","LinkedTreeMap","LinkedTreeMapTest","reset(int)","assertAvlBuilder(int, String)","15-09-2012 06:13:33 AM +00:00:a0493b9732636879b4d06538787f74e2757cd92a",1
"ConsoleApp.linkage","LinkedTreeMap","LinkedTreeMapTest","root()","assertAvlBuilder(int, String)","15-09-2012 06:13:33 AM +00:00:a0493b9732636879b4d06538787f74e2757cd92a",1
"ConsoleApp.linkage","LinkedTreeMap","LinkedTreeMapTest","remove()","testRemoveRootDoesNotDoubleUnlink()","12-09-2012 04:41:58 AM +00:00:a6ab854302bf2398ed221afe7aefd0c717b5d1fa",1
"ConsoleApp.linkage","JsonTreeReader","JsonTreeReaderTest","endObject()","testSkipValue_afterEndOfDocument()","10-10-2022 04:51:36 PM +02:00:5269701679295d8143ec578e25f68fe25594f46a",1
"ConsoleApp.linkage","JsonTreeReader","JsonTreeReaderTest","skipValue()","testSkipValue_emptyJsonObject()","10-10-2022 04:51:36 PM +02:00:5269701679295d8143ec578e25f68fe25594f46a",1
"ConsoleApp.linkage","JsonTreeReader","JsonTreeReaderTest","skipValue()","testSkipValue_filledJsonObject()","10-10-2022 04:51:36 PM +02:00:5269701679295d8143ec578e25f68fe25594f46a",1
"ConsoleApp.linkage","JsonTreeReader","JsonTreeReaderTest","skipValue()","testSkipValue_name()","10-10-2022 04:51:36 PM +02:00:5269701679295d8143ec578e25f68fe25594f46a",1
"ConsoleApp.linkage","JsonTreeReader","JsonTreeReaderTest","skipValue()","testSkipValue_afterEndOfDocument()","10-10-2022 04:51:36 PM +02:00:5269701679295d8143ec578e25f68fe25594f46a",1
"ConsoleApp.linkage","JsonTreeReader","JsonTreeReaderTest","skipValue()","testSkipValue_atArrayEnd()","10-10-2022 04:51:36 PM +02:00:5269701679295d8143ec578e25f68fe25594f46a",1
"ConsoleApp.linkage","JsonTreeReader","JsonTreeReaderTest","skipValue()","testSkipValue_atObjectEnd()","10-10-2022 04:51:36 PM +02:00:5269701679295d8143ec578e25f68fe25594f46a",1
"ConsoleApp.linkage","JsonTreeReader","JsonTreeReaderTest","peek()","testCustomJsonElementSubclass()","04-08-2022 07:32:30 PM +02:00:0b6a7bf7d9259f62003cbd458931ae0e61e7334c",1
"ConsoleApp.linkage","JsonTreeReader","JsonTreeReaderTest","hasNext()","testHasNext_endOfDocument()","28-01-2022 12:59:50 AM +01:00:710a76c8b8835e36935c62024001ba6b91ceee01",1
"ConsoleApp.linkage","JsonTreeWriter","JsonTreeWriterTest","name(String)","testNameAsTopLevelValue()","29-08-2023 05:41:06 PM +02:00:70bda4b9c9eb8d0b567f8715a67dbada00b02216",1
"ConsoleApp.linkage","JsonTreeWriter","JsonTreeWriterTest","name(String)","testNameInArray()","29-08-2023 05:41:06 PM +02:00:70bda4b9c9eb8d0b567f8715a67dbada00b02216",1
"ConsoleApp.linkage","JsonTreeWriter","JsonTreeWriterTest","name(String)","testTwoNames()","29-08-2023 05:41:06 PM +02:00:70bda4b9c9eb8d0b567f8715a67dbada00b02216",1
"ConsoleApp.linkage","JsonTreeWriter","JsonTreeWriterTest","close()","testNameAsTopLevelValue()","29-08-2023 05:41:06 PM +02:00:70bda4b9c9eb8d0b567f8715a67dbada00b02216",1
"ConsoleApp.linkage","JsonTreeWriter","JsonTreeWriterTest","jsonValue(String)","testJsonValue()","21-08-2022 05:49:32 PM +02:00:26be9415754dcfe4b37b4a2e9fa74b9e29f562fc",1
"ConsoleApp.linkage","JsonTreeWriter","JsonTreeWriterTest","value(float)","testLenientNansAndInfinities()","21-06-2022 09:50:07 AM -07:00:d2aee6502ba1e47faa050397566d6dde3240e194",1
"ConsoleApp.linkage","JsonTreeWriter","JsonTreeWriterTest","value(float)","testStrictNansAndInfinities()","21-06-2022 09:50:07 AM -07:00:d2aee6502ba1e47faa050397566d6dde3240e194",1
"ConsoleApp.linkage","TypeAdapters","CustomTypeAdaptersTest","toString()","serialize(byte[], Type, JsonSerializationContext)","04-11-2015 10:24:05 PM -05:00:9e5f86d10b3b3ff4ba0dfe7ba0722c9e640fcc20
04-11-2015 06:52:20 PM -08:00:e5b3f6368db33c846b094b0d695d3a1b826e3892",2
"ConsoleApp.linkage","TypeAdapters","CustomTypeAdaptersTest","toString()","testCustomByteArraySerializer()","04-11-2015 10:24:05 PM -05:00:9e5f86d10b3b3ff4ba0dfe7ba0722c9e640fcc20
04-11-2015 06:52:20 PM -08:00:e5b3f6368db33c846b094b0d695d3a1b826e3892",2
"ConsoleApp.linkage","JsonReader","JsonReaderTest","skipValue()","testFailWithPosition(String, String)","09-01-2024 07:19:09 PM +01:00:5187808233eff87bd2c8cc582d5ef545f755a5e5",1
"ConsoleApp.linkage","JsonReader","JsonReaderPathTest","skipValue()","skipArrayEnd()","10-10-2022 04:51:36 PM +02:00:5269701679295d8143ec578e25f68fe25594f46a",1
"ConsoleApp.linkage","JsonReader","JsonReaderPathTest","skipValue()","skipObjectNames()","10-10-2022 04:51:36 PM +02:00:5269701679295d8143ec578e25f68fe25594f46a",1
"ConsoleApp.linkage","JsonReader","JsonReaderPathTest","skipValue()","skipObjectValues()","10-10-2022 04:51:36 PM +02:00:5269701679295d8143ec578e25f68fe25594f46a",1
"ConsoleApp.linkage","JsonReader","JsonReaderPathTest","skipValue()","skipObjectEnd()","10-10-2022 04:51:36 PM +02:00:5269701679295d8143ec578e25f68fe25594f46a",1
"ConsoleApp.linkage","JsonReader","JsonReaderPathTest","skipValue()","skipEndOfDocument()","10-10-2022 04:51:36 PM +02:00:5269701679295d8143ec578e25f68fe25594f46a",1
"ConsoleApp.linkage","JsonReader","JsonReaderTest","skipValue()","testSkipObjectName()","10-10-2022 04:51:36 PM +02:00:5269701679295d8143ec578e25f68fe25594f46a",1
"ConsoleApp.linkage","JsonReader","JsonReaderTest","skipValue()","testSkipObjectNameSingleQuoted()","10-10-2022 04:51:36 PM +02:00:5269701679295d8143ec578e25f68fe25594f46a",1
"ConsoleApp.linkage","JsonReader","JsonReaderTest","skipValue()","testSkipObjectNameUnquoted()","10-10-2022 04:51:36 PM +02:00:5269701679295d8143ec578e25f68fe25594f46a",1
"ConsoleApp.linkage","JsonReader","JsonReaderTest","skipValue()","testSkipValueAfterEndOfDocument()","10-10-2022 04:51:36 PM +02:00:5269701679295d8143ec578e25f68fe25594f46a",1
"ConsoleApp.linkage","JsonReader","JsonReaderTest","skipValue()","testSkipValueAtArrayEnd()","10-10-2022 04:51:36 PM +02:00:5269701679295d8143ec578e25f68fe25594f46a",1
"ConsoleApp.linkage","JsonReader","JsonReaderTest","skipValue()","testSkipValueAtObjectEnd()","10-10-2022 04:51:36 PM +02:00:5269701679295d8143ec578e25f68fe25594f46a",1
"ConsoleApp.linkage","JsonReader","JsonReaderTest","skipValue()","testSkipArray()","14-01-2013 06:38:46 PM +00:00:84201c015fae7aaa34744074f6b7526ff0c5112a",1
"ConsoleApp.linkage","JsonReader","JsonReaderTest","skipValue()","testSkipArrayAfterPeek()","14-01-2013 06:38:46 PM +00:00:84201c015fae7aaa34744074f6b7526ff0c5112a",1
"ConsoleApp.linkage","JsonReader","JsonReaderTest","skipValue()","testSkipTopLevelObject()","14-01-2013 06:38:46 PM +00:00:84201c015fae7aaa34744074f6b7526ff0c5112a",1
"ConsoleApp.linkage","JsonReader","JsonReaderTest","skipValue()","testSkipObjectAfterPeek()","14-01-2013 06:38:46 PM +00:00:84201c015fae7aaa34744074f6b7526ff0c5112a",1
"ConsoleApp.linkage","JsonReader","JsonReaderTest","skipValue()","testSkipVeryLongUnquotedString()","27-08-2012 01:17:50 AM +00:00:c7cb503cdb093cf7bb78afdfe125dd2255f029ad",1
"ConsoleApp.linkage","JsonReader","JsonReaderTest","skipValue()","testSkipTopLevelUnquotedString()","27-08-2012 01:17:50 AM +00:00:c7cb503cdb093cf7bb78afdfe125dd2255f029ad",1
"ConsoleApp.linkage","JsonReader","JsonReaderTest","skipValue()","testSkipVeryLongQuotedString()","27-08-2012 01:17:50 AM +00:00:c7cb503cdb093cf7bb78afdfe125dd2255f029ad",1
"ConsoleApp.linkage","JsonReader","JsonReaderTest","skipValue()","testSkipTopLevelQuotedString()","27-08-2012 01:17:50 AM +00:00:c7cb503cdb093cf7bb78afdfe125dd2255f029ad",1
"ConsoleApp.linkage","JsonReader","JsonReaderTest","setLenient(boolean)","testSetLenientTrue()","30-07-2023 09:20:32 AM -07:00:b3dce2dc17086c72bd1f8ccf508874849f9631bb",1
"ConsoleApp.linkage","JsonReader","JsonReaderTest","setLenient(boolean)","testSetLenientFalse()","30-07-2023 09:20:32 AM -07:00:b3dce2dc17086c72bd1f8ccf508874849f9631bb",1
"ConsoleApp.linkage","JsonReader","JsonReaderTest","getStrictness()","testSetLenientTrue()","30-07-2023 09:20:32 AM -07:00:b3dce2dc17086c72bd1f8ccf508874849f9631bb",1
"ConsoleApp.linkage","JsonReader","JsonReaderTest","getStrictness()","testSetLenientFalse()","30-07-2023 09:20:32 AM -07:00:b3dce2dc17086c72bd1f8ccf508874849f9631bb",1
"ConsoleApp.linkage","JsonReader","JsonReaderTest","getStrictness()","testSetStrictness()","30-07-2023 09:20:32 AM -07:00:b3dce2dc17086c72bd1f8ccf508874849f9631bb",1
"ConsoleApp.linkage","JsonReader","JsonReaderTest","nextDouble()","testLenientNonFiniteDoubles()","30-07-2023 09:20:32 AM -07:00:b3dce2dc17086c72bd1f8ccf508874849f9631bb",1
"ConsoleApp.linkage","JsonReader","JsonReaderTest","nextDouble()","testLenientQuotedNonFiniteDoubles()","30-07-2023 09:20:32 AM -07:00:b3dce2dc17086c72bd1f8ccf508874849f9631bb",1
"ConsoleApp.linkage","JsonReader","JsonReaderTest","nextDouble()","assertNotANumber(String)","30-07-2023 09:20:32 AM -07:00:b3dce2dc17086c72bd1f8ccf508874849f9631bb",1
"ConsoleApp.linkage","JsonReader","JsonReaderTest","nextDouble()","testPeekLargerThanLongMinValue()","30-07-2023 09:20:32 AM -07:00:b3dce2dc17086c72bd1f8ccf508874849f9631bb
15-04-2023 10:36:26 PM +02:00:cbad1aa79f9a41f0e0887c2c0159fa9aee1cdf3b",2
"ConsoleApp.linkage","JsonReader","JsonReaderTest","nextDouble()","testPeekMuchLargerThanLongMinValue()","30-07-2023 09:20:32 AM -07:00:b3dce2dc17086c72bd1f8ccf508874849f9631bb",1
"ConsoleApp.linkage","JsonReader","JsonReaderTest","nextDouble()","testLenientVeryLongNumber()","30-07-2023 09:20:32 AM -07:00:b3dce2dc17086c72bd1f8ccf508874849f9631bb",1
"ConsoleApp.linkage","JsonReader","JsonReaderTest","nextDouble()","testStrictNonFiniteDoubles()","15-04-2023 10:36:26 PM +02:00:cbad1aa79f9a41f0e0887c2c0159fa9aee1cdf3b
27-11-2011 04:50:45 PM +00:00:ec42d600af5080d98283db7eac890de16cd43798",2
"ConsoleApp.linkage","JsonReader","JsonReaderTest","nextDouble()","testStrictQuotedNonFiniteDoubles()","15-04-2023 10:36:26 PM +02:00:cbad1aa79f9a41f0e0887c2c0159fa9aee1cdf3b",1
"ConsoleApp.linkage","JsonReader","JsonReaderTest","nextDouble()","testNumberWithOctalPrefix()","15-04-2023 10:36:26 PM +02:00:cbad1aa79f9a41f0e0887c2c0159fa9aee1cdf3b
27-11-2011 04:50:45 PM +00:00:ec42d600af5080d98283db7eac890de16cd43798",2
"ConsoleApp.linkage","JsonReader","JsonReaderTest","nextDouble()","testStrictVeryLongNumber()","15-04-2023 10:36:26 PM +02:00:cbad1aa79f9a41f0e0887c2c0159fa9aee1cdf3b",1
"ConsoleApp.linkage","JsonReader","JsonReaderTest","nextDouble()","disabled_testPeekLargerThanLongMinValue()","26-08-2012 10:06:57 PM +00:00:085856c12843a6b58d6de59672d37da47afdaa72",1
"ConsoleApp.linkage","JsonReader","JsonReaderTest","beginArray()","testEmptyString()","15-04-2023 10:36:26 PM +02:00:cbad1aa79f9a41f0e0887c2c0159fa9aee1cdf3b",1
"ConsoleApp.linkage","JsonReader","JsonReaderTest","beginArray()","testUnescapingInvalidCharacters()","15-04-2023 10:36:26 PM +02:00:cbad1aa79f9a41f0e0887c2c0159fa9aee1cdf3b",1
"ConsoleApp.linkage","JsonReader","JsonReaderTest","beginArray()","testUnescapingTruncatedCharacters()","15-04-2023 10:36:26 PM +02:00:cbad1aa79f9a41f0e0887c2c0159fa9aee1cdf3b",1
"ConsoleApp.linkage","JsonReader","JsonReaderTest","beginArray()","testUnescapingTruncatedSequence()","15-04-2023 10:36:26 PM +02:00:cbad1aa79f9a41f0e0887c2c0159fa9aee1cdf3b",1
"ConsoleApp.linkage","JsonReader","JsonReaderTest","beginArray()","testStrictNonFiniteDoubles()","15-04-2023 10:36:26 PM +02:00:cbad1aa79f9a41f0e0887c2c0159fa9aee1cdf3b",1
"ConsoleApp.linkage","JsonReader","JsonReaderTest","beginArray()","testStrictQuotedNonFiniteDoubles()","15-04-2023 10:36:26 PM +02:00:cbad1aa79f9a41f0e0887c2c0159fa9aee1cdf3b",1
"ConsoleApp.linkage","JsonReader","JsonReaderTest","beginArray()","testStrictNonFiniteDoublesWithSkipValue()","15-04-2023 10:36:26 PM +02:00:cbad1aa79f9a41f0e0887c2c0159fa9aee1cdf3b",1
"ConsoleApp.linkage","JsonReader","JsonReaderTest","beginArray()","testNumberWithOctalPrefix()","15-04-2023 10:36:26 PM +02:00:cbad1aa79f9a41f0e0887c2c0159fa9aee1cdf3b",1
"ConsoleApp.linkage","JsonReader","JsonReaderTest","beginArray()","testPeekingUnquotedStringsPrefixedWithBooleans()","15-04-2023 10:36:26 PM +02:00:cbad1aa79f9a41f0e0887c2c0159fa9aee1cdf3b",1
"ConsoleApp.linkage","JsonReader","JsonReaderTest","beginArray()","testPeekLargerThanLongMaxValue()","15-04-2023 10:36:26 PM +02:00:cbad1aa79f9a41f0e0887c2c0159fa9aee1cdf3b",1
"ConsoleApp.linkage","JsonReader","JsonReaderTest","beginArray()","testPeekLargerThanLongMinValue()","15-04-2023 10:36:26 PM +02:00:cbad1aa79f9a41f0e0887c2c0159fa9aee1cdf3b",1
"ConsoleApp.linkage","JsonReader","JsonReaderTest","beginArray()","testHighPrecisionLong()","15-04-2023 10:36:26 PM +02:00:cbad1aa79f9a41f0e0887c2c0159fa9aee1cdf3b",1
"ConsoleApp.linkage","JsonReader","JsonReaderTest","beginArray()","testNextFailuresDoNotAdvance()","15-04-2023 10:36:26 PM +02:00:cbad1aa79f9a41f0e0887c2c0159fa9aee1cdf3b",1
"ConsoleApp.linkage","JsonReader","JsonReaderTest","beginArray()","testStringNullIsNotNull()","15-04-2023 10:36:26 PM +02:00:cbad1aa79f9a41f0e0887c2c0159fa9aee1cdf3b",1
"ConsoleApp.linkage","JsonReader","JsonReaderTest","beginArray()","testNullLiteralIsNotAString()","15-04-2023 10:36:26 PM +02:00:cbad1aa79f9a41f0e0887c2c0159fa9aee1cdf3b",1
"ConsoleApp.linkage","JsonReader","JsonReaderTest","beginArray()","testStrictComments()","15-04-2023 10:36:26 PM +02:00:cbad1aa79f9a41f0e0887c2c0159fa9aee1cdf3b",1
"ConsoleApp.linkage","JsonReader","JsonReaderTest","beginArray()","testStrictCommentsWithSkipValue()","15-04-2023 10:36:26 PM +02:00:cbad1aa79f9a41f0e0887c2c0159fa9aee1cdf3b",1
"ConsoleApp.linkage","JsonReader","JsonReaderTest","beginArray()","testStrictUnquotedStrings()","15-04-2023 10:36:26 PM +02:00:cbad1aa79f9a41f0e0887c2c0159fa9aee1cdf3b",1
"ConsoleApp.linkage","JsonReader","JsonReaderTest","beginArray()","testStrictUnquotedStringsWithSkipValue()","15-04-2023 10:36:26 PM +02:00:cbad1aa79f9a41f0e0887c2c0159fa9aee1cdf3b",1
"ConsoleApp.linkage","JsonReader","JsonReaderTest","beginArray()","testStrictSingleQuotedStrings()","15-04-2023 10:36:26 PM +02:00:cbad1aa79f9a41f0e0887c2c0159fa9aee1cdf3b",1
"ConsoleApp.linkage","JsonReader","JsonReaderTest","beginArray()","testStrictSingleQuotedStringsWithSkipValue()","15-04-2023 10:36:26 PM +02:00:cbad1aa79f9a41f0e0887c2c0159fa9aee1cdf3b",1
"ConsoleApp.linkage","JsonReader","JsonReaderTest","beginArray()","testStrictSemicolonDelimitedArray()","15-04-2023 10:36:26 PM +02:00:cbad1aa79f9a41f0e0887c2c0159fa9aee1cdf3b",1
"ConsoleApp.linkage","JsonReader","JsonReaderTest","beginArray()","testStrictSemicolonDelimitedArrayWithSkipValue()","15-04-2023 10:36:26 PM +02:00:cbad1aa79f9a41f0e0887c2c0159fa9aee1cdf3b",1
"ConsoleApp.linkage","JsonReader","JsonReaderTest","beginArray()","testStrictUnnecessaryArraySeparators()","15-04-2023 10:36:26 PM +02:00:cbad1aa79f9a41f0e0887c2c0159fa9aee1cdf3b",1
"ConsoleApp.linkage","JsonReader","JsonReaderTest","beginArray()","testStrictUnnecessaryArraySeparatorsWithSkipValue()","15-04-2023 10:36:26 PM +02:00:cbad1aa79f9a41f0e0887c2c0159fa9aee1cdf3b",1
"ConsoleApp.linkage","JsonReader","JsonReaderTest","beginArray()","testStrictMultipleTopLevelValues()","15-04-2023 10:36:26 PM +02:00:cbad1aa79f9a41f0e0887c2c0159fa9aee1cdf3b",1
"ConsoleApp.linkage","JsonReader","JsonReaderTest","beginArray()","testStrictMultipleTopLevelValuesWithSkipValue()","15-04-2023 10:36:26 PM +02:00:cbad1aa79f9a41f0e0887c2c0159fa9aee1cdf3b",1
"ConsoleApp.linkage","JsonReader","JsonReaderTest","beginArray()","testStrictNonExecutePrefix()","15-04-2023 10:36:26 PM +02:00:cbad1aa79f9a41f0e0887c2c0159fa9aee1cdf3b",1
"ConsoleApp.linkage","JsonReader","JsonReaderTest","beginArray()","testBomForbiddenAsOtherCharacterInDocument()","15-04-2023 10:36:26 PM +02:00:cbad1aa79f9a41f0e0887c2c0159fa9aee1cdf3b",1
"ConsoleApp.linkage","JsonReader","JsonReaderTest","beginArray()","testFailWithPosition(String, String)","15-04-2023 10:36:26 PM +02:00:cbad1aa79f9a41f0e0887c2c0159fa9aee1cdf3b",1
"ConsoleApp.linkage","JsonReader","JsonReaderTest","beginArray()","testFailWithPositionDeepPath()","15-04-2023 10:36:26 PM +02:00:cbad1aa79f9a41f0e0887c2c0159fa9aee1cdf3b
31-07-2014 05:17:54 AM +00:00:fbc7e69c81b5635e6488e6b366f6bdd31cec8d15",2
"ConsoleApp.linkage","JsonReader","JsonReaderTest","beginArray()","testStrictVeryLongNumber()","15-04-2023 10:36:26 PM +02:00:cbad1aa79f9a41f0e0887c2c0159fa9aee1cdf3b",1
"ConsoleApp.linkage","JsonReader","JsonReaderTest","beginArray()","testUnterminatedStringFailure()","15-04-2023 10:36:26 PM +02:00:cbad1aa79f9a41f0e0887c2c0159fa9aee1cdf3b",1
"ConsoleApp.linkage","JsonReader","JsonReaderTest","beginArray()","assertDocument(String, Object[])","15-04-2023 10:36:26 PM +02:00:cbad1aa79f9a41f0e0887c2c0159fa9aee1cdf3b",1
"ConsoleApp.linkage","JsonReader","JsonReaderTest","beginArray()","testDeeplyNestedArrays()","31-07-2014 05:17:54 AM +00:00:fbc7e69c81b5635e6488e6b366f6bdd31cec8d15",1
"ConsoleApp.linkage","JsonReader","JsonReaderTest","endArray()","testNumberWithOctalPrefix()","15-04-2023 10:36:26 PM +02:00:cbad1aa79f9a41f0e0887c2c0159fa9aee1cdf3b",1
"ConsoleApp.linkage","JsonReader","JsonReaderTest","endArray()","testPeekingUnquotedStringsPrefixedWithBooleans()","15-04-2023 10:36:26 PM +02:00:cbad1aa79f9a41f0e0887c2c0159fa9aee1cdf3b",1
"ConsoleApp.linkage","JsonReader","JsonReaderTest","endArray()","testHighPrecisionLong()","15-04-2023 10:36:26 PM +02:00:cbad1aa79f9a41f0e0887c2c0159fa9aee1cdf3b",1
"ConsoleApp.linkage","JsonReader","JsonReaderTest","endArray()","testNextFailuresDoNotAdvance()","15-04-2023 10:36:26 PM +02:00:cbad1aa79f9a41f0e0887c2c0159fa9aee1cdf3b",1
"ConsoleApp.linkage","JsonReader","JsonReaderTest","endArray()","testStrictMultipleTopLevelValues()","15-04-2023 10:36:26 PM +02:00:cbad1aa79f9a41f0e0887c2c0159fa9aee1cdf3b",1
"ConsoleApp.linkage","JsonReader","JsonReaderTest","endArray()","testStrictMultipleTopLevelValuesWithSkipValue()","15-04-2023 10:36:26 PM +02:00:cbad1aa79f9a41f0e0887c2c0159fa9aee1cdf3b",1
"ConsoleApp.linkage","JsonReader","JsonReaderTest","endArray()","testBomForbiddenAsOtherCharacterInDocument()","15-04-2023 10:36:26 PM +02:00:cbad1aa79f9a41f0e0887c2c0159fa9aee1cdf3b",1
"ConsoleApp.linkage","JsonReader","JsonReaderTest","endArray()","assertDocument(String, Object[])","15-04-2023 10:36:26 PM +02:00:cbad1aa79f9a41f0e0887c2c0159fa9aee1cdf3b",1
"ConsoleApp.linkage","JsonReader","JsonReaderPathTest","endArray()","testPath()","11-11-2014 01:59:48 AM +00:00:d6c8c1e3cf6749258e3f98d2bc03c973385e31a7",1
"ConsoleApp.linkage","JsonReader","JsonReaderPathTest","endArray()","testArrayOfObjects()","11-11-2014 01:59:48 AM +00:00:d6c8c1e3cf6749258e3f98d2bc03c973385e31a7",1
"ConsoleApp.linkage","JsonReader","JsonReaderPathTest","endArray()","testArrayOfArrays()","11-11-2014 01:59:48 AM +00:00:d6c8c1e3cf6749258e3f98d2bc03c973385e31a7",1
"ConsoleApp.linkage","JsonReader","JsonReaderTest","endArray()","testDeeplyNestedArrays()","31-07-2014 05:17:54 AM +00:00:fbc7e69c81b5635e6488e6b366f6bdd31cec8d15",1
"ConsoleApp.linkage","JsonReader","JsonReaderTest","beginObject()","testInvalidJsonInput()","15-04-2023 10:36:26 PM +02:00:cbad1aa79f9a41f0e0887c2c0159fa9aee1cdf3b",1
"ConsoleApp.linkage","JsonReader","JsonReaderTest","beginObject()","testEmptyString()","15-04-2023 10:36:26 PM +02:00:cbad1aa79f9a41f0e0887c2c0159fa9aee1cdf3b",1
"ConsoleApp.linkage","JsonReader","JsonReaderTest","beginObject()","testMissingValue()","15-04-2023 10:36:26 PM +02:00:cbad1aa79f9a41f0e0887c2c0159fa9aee1cdf3b",1
"ConsoleApp.linkage","JsonReader","JsonReaderTest","beginObject()","testPrematureEndOfInput()","15-04-2023 10:36:26 PM +02:00:cbad1aa79f9a41f0e0887c2c0159fa9aee1cdf3b",1
"ConsoleApp.linkage","JsonReader","JsonReaderTest","beginObject()","testPrematurelyClosed()","15-04-2023 10:36:26 PM +02:00:cbad1aa79f9a41f0e0887c2c0159fa9aee1cdf3b",1
"ConsoleApp.linkage","JsonReader","JsonReaderTest","beginObject()","testNextFailuresDoNotAdvance()","15-04-2023 10:36:26 PM +02:00:cbad1aa79f9a41f0e0887c2c0159fa9aee1cdf3b",1
"ConsoleApp.linkage","JsonReader","JsonReaderTest","beginObject()","testStrictNameValueSeparator()","15-04-2023 10:36:26 PM +02:00:cbad1aa79f9a41f0e0887c2c0159fa9aee1cdf3b",1
"ConsoleApp.linkage","JsonReader","JsonReaderTest","beginObject()","testStrictNameValueSeparatorWithSkipValue()","15-04-2023 10:36:26 PM +02:00:cbad1aa79f9a41f0e0887c2c0159fa9aee1cdf3b",1
"ConsoleApp.linkage","JsonReader","JsonReaderTest","beginObject()","testStrictUnquotedNames()","15-04-2023 10:36:26 PM +02:00:cbad1aa79f9a41f0e0887c2c0159fa9aee1cdf3b",1
"ConsoleApp.linkage","JsonReader","JsonReaderTest","beginObject()","testStrictUnquotedNamesWithSkipValue()","15-04-2023 10:36:26 PM +02:00:cbad1aa79f9a41f0e0887c2c0159fa9aee1cdf3b",1
"ConsoleApp.linkage","JsonReader","JsonReaderTest","beginObject()","testStrictSingleQuotedNames()","15-04-2023 10:36:26 PM +02:00:cbad1aa79f9a41f0e0887c2c0159fa9aee1cdf3b",1
"ConsoleApp.linkage","JsonReader","JsonReaderTest","beginObject()","testStrictSingleQuotedNamesWithSkipValue()","15-04-2023 10:36:26 PM +02:00:cbad1aa79f9a41f0e0887c2c0159fa9aee1cdf3b",1
"ConsoleApp.linkage","JsonReader","JsonReaderTest","beginObject()","testStrictSemicolonDelimitedNameValuePair()","15-04-2023 10:36:26 PM +02:00:cbad1aa79f9a41f0e0887c2c0159fa9aee1cdf3b",1
"ConsoleApp.linkage","JsonReader","JsonReaderTest","beginObject()","testStrictSemicolonDelimitedNameValuePairWithSkipValue()","15-04-2023 10:36:26 PM +02:00:cbad1aa79f9a41f0e0887c2c0159fa9aee1cdf3b",1
"ConsoleApp.linkage","JsonReader","JsonReaderTest","beginObject()","testFailWithPositionDeepPath()","15-04-2023 10:36:26 PM +02:00:cbad1aa79f9a41f0e0887c2c0159fa9aee1cdf3b
31-07-2014 05:17:54 AM +00:00:fbc7e69c81b5635e6488e6b366f6bdd31cec8d15",2
"ConsoleApp.linkage","JsonReader","JsonReaderTest","beginObject()","testUnterminatedObject()","15-04-2023 10:36:26 PM +02:00:cbad1aa79f9a41f0e0887c2c0159fa9aee1cdf3b",1
"ConsoleApp.linkage","JsonReader","JsonReaderTest","beginObject()","testStrictExtraCommasInMaps()","15-04-2023 10:36:26 PM +02:00:cbad1aa79f9a41f0e0887c2c0159fa9aee1cdf3b",1
"ConsoleApp.linkage","JsonReader","JsonReaderTest","beginObject()","testLenientExtraCommasInMaps()","15-04-2023 10:36:26 PM +02:00:cbad1aa79f9a41f0e0887c2c0159fa9aee1cdf3b",1
"ConsoleApp.linkage","JsonReader","JsonReaderTest","beginObject()","assertDocument(String, Object[])","15-04-2023 10:36:26 PM +02:00:cbad1aa79f9a41f0e0887c2c0159fa9aee1cdf3b",1
"ConsoleApp.linkage","JsonReader","JsonReaderTest","beginObject()","testDeeplyNestedObjects()","31-07-2014 05:17:54 AM +00:00:fbc7e69c81b5635e6488e6b366f6bdd31cec8d15",1
"ConsoleApp.linkage","JsonReader","JsonReaderTest","endObject()","testNextFailuresDoNotAdvance()","15-04-2023 10:36:26 PM +02:00:cbad1aa79f9a41f0e0887c2c0159fa9aee1cdf3b",1
"ConsoleApp.linkage","JsonReader","JsonReaderTest","endObject()","assertDocument(String, Object[])","15-04-2023 10:36:26 PM +02:00:cbad1aa79f9a41f0e0887c2c0159fa9aee1cdf3b",1
"ConsoleApp.linkage","JsonReader","JsonReaderPathTest","endObject()","testPath()","11-11-2014 01:59:48 AM +00:00:d6c8c1e3cf6749258e3f98d2bc03c973385e31a7",1
"ConsoleApp.linkage","JsonReader","JsonReaderPathTest","endObject()","testArrayOfObjects()","11-11-2014 01:59:48 AM +00:00:d6c8c1e3cf6749258e3f98d2bc03c973385e31a7",1
"ConsoleApp.linkage","JsonReader","JsonReaderTest","endObject()","testDeeplyNestedObjects()","31-07-2014 05:17:54 AM +00:00:fbc7e69c81b5635e6488e6b366f6bdd31cec8d15",1
"ConsoleApp.linkage","JsonReader","JsonReaderTest","nextName()","testInvalidJsonInput()","15-04-2023 10:36:26 PM +02:00:cbad1aa79f9a41f0e0887c2c0159fa9aee1cdf3b",1
"ConsoleApp.linkage","JsonReader","JsonReaderTest","nextName()","testMissingValue()","15-04-2023 10:36:26 PM +02:00:cbad1aa79f9a41f0e0887c2c0159fa9aee1cdf3b",1
"ConsoleApp.linkage","JsonReader","JsonReaderTest","nextName()","testPrematureEndOfInput()","15-04-2023 10:36:26 PM +02:00:cbad1aa79f9a41f0e0887c2c0159fa9aee1cdf3b",1
"ConsoleApp.linkage","JsonReader","JsonReaderTest","nextName()","testPrematurelyClosed()","15-04-2023 10:36:26 PM +02:00:cbad1aa79f9a41f0e0887c2c0159fa9aee1cdf3b",1
"ConsoleApp.linkage","JsonReader","JsonReaderTest","nextName()","testNextFailuresDoNotAdvance()","15-04-2023 10:36:26 PM +02:00:cbad1aa79f9a41f0e0887c2c0159fa9aee1cdf3b",1
"ConsoleApp.linkage","JsonReader","JsonReaderTest","nextName()","testStrictNameValueSeparator()","15-04-2023 10:36:26 PM +02:00:cbad1aa79f9a41f0e0887c2c0159fa9aee1cdf3b",1
"ConsoleApp.linkage","JsonReader","JsonReaderTest","nextName()","testStrictNameValueSeparatorWithSkipValue()","15-04-2023 10:36:26 PM +02:00:cbad1aa79f9a41f0e0887c2c0159fa9aee1cdf3b",1
"ConsoleApp.linkage","JsonReader","JsonReaderTest","nextName()","testStrictUnquotedNames()","15-04-2023 10:36:26 PM +02:00:cbad1aa79f9a41f0e0887c2c0159fa9aee1cdf3b",1
"ConsoleApp.linkage","JsonReader","JsonReaderTest","nextName()","testStrictSingleQuotedNames()","15-04-2023 10:36:26 PM +02:00:cbad1aa79f9a41f0e0887c2c0159fa9aee1cdf3b",1
"ConsoleApp.linkage","JsonReader","JsonReaderTest","nextName()","testStrictSemicolonDelimitedNameValuePair()","15-04-2023 10:36:26 PM +02:00:cbad1aa79f9a41f0e0887c2c0159fa9aee1cdf3b",1
"ConsoleApp.linkage","JsonReader","JsonReaderTest","nextName()","testStrictSemicolonDelimitedNameValuePairWithSkipValue()","15-04-2023 10:36:26 PM +02:00:cbad1aa79f9a41f0e0887c2c0159fa9aee1cdf3b",1
"ConsoleApp.linkage","JsonReader","JsonReaderTest","nextName()","testFailWithPositionDeepPath()","15-04-2023 10:36:26 PM +02:00:cbad1aa79f9a41f0e0887c2c0159fa9aee1cdf3b
31-07-2014 05:17:54 AM +00:00:fbc7e69c81b5635e6488e6b366f6bdd31cec8d15",2
"ConsoleApp.linkage","JsonReader","JsonReaderTest","nextName()","testUnterminatedObject()","15-04-2023 10:36:26 PM +02:00:cbad1aa79f9a41f0e0887c2c0159fa9aee1cdf3b",1
"ConsoleApp.linkage","JsonReader","JsonReaderTest","nextName()","testStrictExtraCommasInMaps()","15-04-2023 10:36:26 PM +02:00:cbad1aa79f9a41f0e0887c2c0159fa9aee1cdf3b",1
"ConsoleApp.linkage","JsonReader","JsonReaderTest","nextName()","testLenientExtraCommasInMaps()","15-04-2023 10:36:26 PM +02:00:cbad1aa79f9a41f0e0887c2c0159fa9aee1cdf3b",1
"ConsoleApp.linkage","JsonReader","JsonReaderTest","nextName()","assertDocument(String, Object[])","15-04-2023 10:36:26 PM +02:00:cbad1aa79f9a41f0e0887c2c0159fa9aee1cdf3b",1
"ConsoleApp.linkage","JsonReader","JsonReaderTest","nextName()","testDeeplyNestedObjects()","31-07-2014 05:17:54 AM +00:00:fbc7e69c81b5635e6488e6b366f6bdd31cec8d15",1
"ConsoleApp.linkage","JsonReader","JsonReaderTest","nextString()","testUnescapingInvalidCharacters()","15-04-2023 10:36:26 PM +02:00:cbad1aa79f9a41f0e0887c2c0159fa9aee1cdf3b",1
"ConsoleApp.linkage","JsonReader","JsonReaderTest","nextString()","testUnescapingTruncatedCharacters()","15-04-2023 10:36:26 PM +02:00:cbad1aa79f9a41f0e0887c2c0159fa9aee1cdf3b",1
"ConsoleApp.linkage","JsonReader","JsonReaderTest","nextString()","testUnescapingTruncatedSequence()","15-04-2023 10:36:26 PM +02:00:cbad1aa79f9a41f0e0887c2c0159fa9aee1cdf3b",1
"ConsoleApp.linkage","JsonReader","JsonReaderTest","nextString()","testNumberWithOctalPrefix()","15-04-2023 10:36:26 PM +02:00:cbad1aa79f9a41f0e0887c2c0159fa9aee1cdf3b
27-11-2011 04:50:45 PM +00:00:ec42d600af5080d98283db7eac890de16cd43798",2
"ConsoleApp.linkage","JsonReader","JsonReaderTest","nextString()","testPeekingUnquotedStringsPrefixedWithBooleans()","15-04-2023 10:36:26 PM +02:00:cbad1aa79f9a41f0e0887c2c0159fa9aee1cdf3b",1
"ConsoleApp.linkage","JsonReader","JsonReaderTest","nextString()","testMissingValue()","15-04-2023 10:36:26 PM +02:00:cbad1aa79f9a41f0e0887c2c0159fa9aee1cdf3b",1
"ConsoleApp.linkage","JsonReader","JsonReaderTest","nextString()","testNextFailuresDoNotAdvance()","15-04-2023 10:36:26 PM +02:00:cbad1aa79f9a41f0e0887c2c0159fa9aee1cdf3b",1
"ConsoleApp.linkage","JsonReader","JsonReaderTest","nextString()","testNullLiteralIsNotAString()","15-04-2023 10:36:26 PM +02:00:cbad1aa79f9a41f0e0887c2c0159fa9aee1cdf3b",1
"ConsoleApp.linkage","JsonReader","JsonReaderTest","nextString()","testStrictUnquotedStrings()","15-04-2023 10:36:26 PM +02:00:cbad1aa79f9a41f0e0887c2c0159fa9aee1cdf3b",1
"ConsoleApp.linkage","JsonReader","JsonReaderTest","nextString()","testStrictSingleQuotedStrings()","15-04-2023 10:36:26 PM +02:00:cbad1aa79f9a41f0e0887c2c0159fa9aee1cdf3b",1
"ConsoleApp.linkage","JsonReader","JsonReaderTest","nextString()","testLenientPartialNonExecutePrefix()","15-04-2023 10:36:26 PM +02:00:cbad1aa79f9a41f0e0887c2c0159fa9aee1cdf3b",1
"ConsoleApp.linkage","JsonReader","JsonReaderTest","nextString()","testFailWithPosition(String, String)","15-04-2023 10:36:26 PM +02:00:cbad1aa79f9a41f0e0887c2c0159fa9aee1cdf3b",1
"ConsoleApp.linkage","JsonReader","JsonReaderTest","nextString()","testUnterminatedObject()","15-04-2023 10:36:26 PM +02:00:cbad1aa79f9a41f0e0887c2c0159fa9aee1cdf3b",1
"ConsoleApp.linkage","JsonReader","JsonReaderTest","nextString()","testStrictExtraCommasInMaps()","15-04-2023 10:36:26 PM +02:00:cbad1aa79f9a41f0e0887c2c0159fa9aee1cdf3b",1
"ConsoleApp.linkage","JsonReader","JsonReaderTest","nextString()","testLenientExtraCommasInMaps()","15-04-2023 10:36:26 PM +02:00:cbad1aa79f9a41f0e0887c2c0159fa9aee1cdf3b",1
"ConsoleApp.linkage","JsonReader","JsonReaderTest","nextString()","testUnterminatedStringFailure()","15-04-2023 10:36:26 PM +02:00:cbad1aa79f9a41f0e0887c2c0159fa9aee1cdf3b",1
"ConsoleApp.linkage","JsonReader","JsonReaderTest","nextString()","assertDocument(String, Object[])","15-04-2023 10:36:26 PM +02:00:cbad1aa79f9a41f0e0887c2c0159fa9aee1cdf3b",1
"ConsoleApp.linkage","JsonReader","JsonReaderTest","nextString()","testStrictTopLevelString()","26-08-2012 10:06:57 PM +00:00:085856c12843a6b58d6de59672d37da47afdaa72",1
"ConsoleApp.linkage","JsonReader","JsonReaderTest","nextBoolean()","testPeekingUnquotedStringsPrefixedWithBooleans()","15-04-2023 10:36:26 PM +02:00:cbad1aa79f9a41f0e0887c2c0159fa9aee1cdf3b",1
"ConsoleApp.linkage","JsonReader","JsonReaderTest","nextBoolean()","testPrematureEndOfInput()","15-04-2023 10:36:26 PM +02:00:cbad1aa79f9a41f0e0887c2c0159fa9aee1cdf3b",1
"ConsoleApp.linkage","JsonReader","JsonReaderTest","nextBoolean()","testPrematurelyClosed()","15-04-2023 10:36:26 PM +02:00:cbad1aa79f9a41f0e0887c2c0159fa9aee1cdf3b",1
"ConsoleApp.linkage","JsonReader","JsonReaderTest","nextBoolean()","testNextFailuresDoNotAdvance()","15-04-2023 10:36:26 PM +02:00:cbad1aa79f9a41f0e0887c2c0159fa9aee1cdf3b",1
"ConsoleApp.linkage","JsonReader","JsonReaderTest","nextBoolean()","testStrictNameValueSeparator()","15-04-2023 10:36:26 PM +02:00:cbad1aa79f9a41f0e0887c2c0159fa9aee1cdf3b",1
"ConsoleApp.linkage","JsonReader","JsonReaderTest","nextBoolean()","testStrictComments()","15-04-2023 10:36:26 PM +02:00:cbad1aa79f9a41f0e0887c2c0159fa9aee1cdf3b",1
"ConsoleApp.linkage","JsonReader","JsonReaderTest","nextBoolean()","testStrictSemicolonDelimitedArray()","15-04-2023 10:36:26 PM +02:00:cbad1aa79f9a41f0e0887c2c0159fa9aee1cdf3b",1
"ConsoleApp.linkage","JsonReader","JsonReaderTest","nextBoolean()","testStrictSemicolonDelimitedNameValuePair()","15-04-2023 10:36:26 PM +02:00:cbad1aa79f9a41f0e0887c2c0159fa9aee1cdf3b",1
"ConsoleApp.linkage","JsonReader","JsonReaderTest","nextBoolean()","testStrictUnnecessaryArraySeparators()","15-04-2023 10:36:26 PM +02:00:cbad1aa79f9a41f0e0887c2c0159fa9aee1cdf3b",1
"ConsoleApp.linkage","JsonReader","JsonReaderTest","nextBoolean()","testStrictUnnecessaryArraySeparatorsWithSkipValue()","15-04-2023 10:36:26 PM +02:00:cbad1aa79f9a41f0e0887c2c0159fa9aee1cdf3b",1
"ConsoleApp.linkage","JsonReader","JsonReaderTest","nextBoolean()","assertDocument(String, Object[])","15-04-2023 10:36:26 PM +02:00:cbad1aa79f9a41f0e0887c2c0159fa9aee1cdf3b",1
"ConsoleApp.linkage","JsonReader","JsonReaderTest","nextBoolean()","testDeeplyNestedObjects()","31-07-2014 05:17:54 AM +00:00:fbc7e69c81b5635e6488e6b366f6bdd31cec8d15",1
"ConsoleApp.linkage","JsonReader","JsonReaderTest","nextNull()","testStringNullIsNotNull()","15-04-2023 10:36:26 PM +02:00:cbad1aa79f9a41f0e0887c2c0159fa9aee1cdf3b",1
"ConsoleApp.linkage","JsonReader","JsonReaderTest","nextNull()","testStrictUnnecessaryArraySeparators()","15-04-2023 10:36:26 PM +02:00:cbad1aa79f9a41f0e0887c2c0159fa9aee1cdf3b",1
"ConsoleApp.linkage","JsonReader","JsonReaderTest","nextNull()","assertDocument(String, Object[])","15-04-2023 10:36:26 PM +02:00:cbad1aa79f9a41f0e0887c2c0159fa9aee1cdf3b",1
"ConsoleApp.linkage","JsonReader","JsonReaderTest","nextLong()","testNumberWithOctalPrefix()","15-04-2023 10:36:26 PM +02:00:cbad1aa79f9a41f0e0887c2c0159fa9aee1cdf3b
27-11-2011 04:50:45 PM +00:00:ec42d600af5080d98283db7eac890de16cd43798",2
"ConsoleApp.linkage","JsonReader","JsonReaderTest","nextLong()","testPeekLargerThanLongMaxValue()","15-04-2023 10:36:26 PM +02:00:cbad1aa79f9a41f0e0887c2c0159fa9aee1cdf3b",1
"ConsoleApp.linkage","JsonReader","JsonReaderTest","nextLong()","testPeekLargerThanLongMinValue()","15-04-2023 10:36:26 PM +02:00:cbad1aa79f9a41f0e0887c2c0159fa9aee1cdf3b",1
"ConsoleApp.linkage","JsonReader","JsonReaderTest","nextLong()","testHighPrecisionLong()","15-04-2023 10:36:26 PM +02:00:cbad1aa79f9a41f0e0887c2c0159fa9aee1cdf3b",1
"ConsoleApp.linkage","JsonReader","JsonReaderTest","nextLong()","disabled_testPeekLargerThanLongMinValue()","26-08-2012 10:06:57 PM +00:00:085856c12843a6b58d6de59672d37da47afdaa72",1
"ConsoleApp.linkage","JsonReader","JsonReaderTest","nextInt()","testNumberWithOctalPrefix()","15-04-2023 10:36:26 PM +02:00:cbad1aa79f9a41f0e0887c2c0159fa9aee1cdf3b
27-11-2011 04:50:45 PM +00:00:ec42d600af5080d98283db7eac890de16cd43798",2
"ConsoleApp.linkage","JsonReader","JsonReaderTest","nextInt()","testFailWithPositionDeepPath()","15-04-2023 10:36:26 PM +02:00:cbad1aa79f9a41f0e0887c2c0159fa9aee1cdf3b
31-07-2014 05:17:54 AM +00:00:fbc7e69c81b5635e6488e6b366f6bdd31cec8d15",2
"ConsoleApp.linkage","JsonReader","JsonReaderTest","nextInt()","assertDocument(String, Object[])","15-04-2023 10:36:26 PM +02:00:cbad1aa79f9a41f0e0887c2c0159fa9aee1cdf3b",1
"ConsoleApp.linkage","JsonReader","JsonReaderTest","nextInt()","testPeekingUnquotedStringsPrefixedWithIntegers()","12-03-2016 03:51:22 PM -05:00:2b08c88c09d14e0b1a68a982bab0bb18206df76b
12-03-2016 11:52:13 AM -07:00:0669ff7fd16c26521b924a58c7dd64ab2dc1a46d",2
"ConsoleApp.linkage","JsonReader","JsonReaderTest","hasNext()","testHasNextEndOfDocument()","28-01-2022 12:59:50 AM +01:00:710a76c8b8835e36935c62024001ba6b91ceee01",1
"ConsoleApp.linkage","JsonReader","JsonReaderPathTest","getPreviousPath()","path()","01-11-2021 11:08:04 PM +01:00:b4dab86b105c85e6b7d7106c9ff11e3e923e3485",1
"ConsoleApp.linkage","JsonReader","JsonReaderPathTest","getPreviousPath()","objectPath()","01-11-2021 11:08:04 PM +01:00:b4dab86b105c85e6b7d7106c9ff11e3e923e3485",1
"ConsoleApp.linkage","JsonReader","JsonReaderPathTest","getPreviousPath()","arrayPath()","01-11-2021 11:08:04 PM +01:00:b4dab86b105c85e6b7d7106c9ff11e3e923e3485",1
"ConsoleApp.linkage","JsonReader","JsonReaderPathTest","getPreviousPath()","multipleTopLevelValuesInOneDocument()","01-11-2021 11:08:04 PM +01:00:b4dab86b105c85e6b7d7106c9ff11e3e923e3485",1
"ConsoleApp.linkage","JsonReader","JsonReaderPathTest","getPreviousPath()","skipArrayElements()","01-11-2021 11:08:04 PM +01:00:b4dab86b105c85e6b7d7106c9ff11e3e923e3485",1
"ConsoleApp.linkage","JsonReader","JsonReaderPathTest","getPreviousPath()","skipObjectNames()","01-11-2021 11:08:04 PM +01:00:b4dab86b105c85e6b7d7106c9ff11e3e923e3485",1
"ConsoleApp.linkage","JsonReader","JsonReaderPathTest","getPreviousPath()","skipObjectValues()","01-11-2021 11:08:04 PM +01:00:b4dab86b105c85e6b7d7106c9ff11e3e923e3485",1
"ConsoleApp.linkage","JsonReader","JsonReaderPathTest","getPreviousPath()","skipNestedStructures()","01-11-2021 11:08:04 PM +01:00:b4dab86b105c85e6b7d7106c9ff11e3e923e3485",1
"ConsoleApp.linkage","JsonReader","JsonReaderPathTest","getPreviousPath()","arrayOfObjects()","01-11-2021 11:08:04 PM +01:00:b4dab86b105c85e6b7d7106c9ff11e3e923e3485",1
"ConsoleApp.linkage","JsonReader","JsonReaderPathTest","getPreviousPath()","arrayOfArrays()","01-11-2021 11:08:04 PM +01:00:b4dab86b105c85e6b7d7106c9ff11e3e923e3485",1
"ConsoleApp.linkage","JsonReader","JsonReaderPathTest","getPath()","path()","01-11-2021 11:08:04 PM +01:00:b4dab86b105c85e6b7d7106c9ff11e3e923e3485",1
"ConsoleApp.linkage","JsonReader","JsonReaderPathTest","getPath()","objectPath()","01-11-2021 11:08:04 PM +01:00:b4dab86b105c85e6b7d7106c9ff11e3e923e3485",1
"ConsoleApp.linkage","JsonReader","JsonReaderPathTest","getPath()","arrayPath()","01-11-2021 11:08:04 PM +01:00:b4dab86b105c85e6b7d7106c9ff11e3e923e3485",1
"ConsoleApp.linkage","JsonReader","JsonReaderPathTest","getPath()","multipleTopLevelValuesInOneDocument()","01-11-2021 11:08:04 PM +01:00:b4dab86b105c85e6b7d7106c9ff11e3e923e3485",1
"ConsoleApp.linkage","JsonReader","JsonReaderPathTest","getPath()","skipArrayElements()","01-11-2021 11:08:04 PM +01:00:b4dab86b105c85e6b7d7106c9ff11e3e923e3485",1
"ConsoleApp.linkage","JsonReader","JsonReaderPathTest","getPath()","skipObjectNames()","01-11-2021 11:08:04 PM +01:00:b4dab86b105c85e6b7d7106c9ff11e3e923e3485",1
"ConsoleApp.linkage","JsonReader","JsonReaderPathTest","getPath()","skipObjectValues()","01-11-2021 11:08:04 PM +01:00:b4dab86b105c85e6b7d7106c9ff11e3e923e3485",1
"ConsoleApp.linkage","JsonReader","JsonReaderPathTest","getPath()","skipNestedStructures()","01-11-2021 11:08:04 PM +01:00:b4dab86b105c85e6b7d7106c9ff11e3e923e3485",1
"ConsoleApp.linkage","JsonReader","JsonReaderPathTest","getPath()","arrayOfObjects()","01-11-2021 11:08:04 PM +01:00:b4dab86b105c85e6b7d7106c9ff11e3e923e3485",1
"ConsoleApp.linkage","JsonReader","JsonReaderPathTest","getPath()","arrayOfArrays()","01-11-2021 11:08:04 PM +01:00:b4dab86b105c85e6b7d7106c9ff11e3e923e3485",1
"ConsoleApp.linkage","JsonReader","JsonReaderTest","getPath()","testDeeplyNestedArrays()","31-07-2014 05:17:54 AM +00:00:fbc7e69c81b5635e6488e6b366f6bdd31cec8d15",1
"ConsoleApp.linkage","JsonReader","JsonReaderTest","getPath()","testDeeplyNestedObjects()","31-07-2014 05:17:54 AM +00:00:fbc7e69c81b5635e6488e6b366f6bdd31cec8d15",1
"ConsoleApp.linkage","JsonReader","JsonReaderTest","peek()","disabled_testPeekLargerThanLongMinValue()","26-08-2012 10:06:57 PM +00:00:085856c12843a6b58d6de59672d37da47afdaa72",1
"ConsoleApp.linkage","JsonReader","JsonReaderTest","peek()","testNumberWithOctalPrefix()","27-11-2011 04:50:45 PM +00:00:ec42d600af5080d98283db7eac890de16cd43798",1
"ConsoleApp.linkage","JsonWriter","JsonWriterTest","name(String)","testNameAsTopLevelValue()","29-08-2023 05:41:06 PM +02:00:70bda4b9c9eb8d0b567f8715a67dbada00b02216",1
"ConsoleApp.linkage","JsonWriter","JsonWriterTest","name(String)","testNameInArray()","29-08-2023 05:41:06 PM +02:00:70bda4b9c9eb8d0b567f8715a67dbada00b02216",1
"ConsoleApp.linkage","JsonWriter","JsonWriterTest","name(String)","testInvalidTopLevelTypes()","22-08-2023 10:42:31 PM +05:30:392cc65ff3004689e03b219d9b00979072f9c9d0
30-07-2023 09:20:32 AM -07:00:b3dce2dc17086c72bd1f8ccf508874849f9631bb",2
"ConsoleApp.linkage","JsonWriter","JsonWriterTest","name(String)","closeAllObjectsAndTryToAddElements()","22-08-2023 10:42:31 PM +05:30:392cc65ff3004689e03b219d9b00979072f9c9d0",1
"ConsoleApp.linkage","JsonWriter","JsonWriterTest","name(String)","getJsonWriterWithObjects()","22-08-2023 10:42:31 PM +05:30:392cc65ff3004689e03b219d9b00979072f9c9d0",1
"ConsoleApp.linkage","JsonWriter","JsonWriterTest","name(String)","testTwoNames()","30-07-2023 09:20:32 AM -07:00:b3dce2dc17086c72bd1f8ccf508874849f9631bb",1
"ConsoleApp.linkage","JsonWriter","JsonWriterTest","name(String)","testNameWithoutValue()","30-07-2023 09:20:32 AM -07:00:b3dce2dc17086c72bd1f8ccf508874849f9631bb",1
"ConsoleApp.linkage","JsonWriter","JsonWriterTest","name(String)","testClosedWriterThrowsOnName()","12-02-2012 08:42:16 PM +00:00:2c8bec27d48d0d9ba9d99ff5fb7a9bae36906c48",1
"ConsoleApp.linkage","JsonWriter","JsonWriterTest","setLenient(boolean)","testSetLenientTrue()","30-07-2023 09:20:32 AM -07:00:b3dce2dc17086c72bd1f8ccf508874849f9631bb",1
"ConsoleApp.linkage","JsonWriter","JsonWriterTest","setLenient(boolean)","testSetLenientFalse()","30-07-2023 09:20:32 AM -07:00:b3dce2dc17086c72bd1f8ccf508874849f9631bb",1
"ConsoleApp.linkage","JsonWriter","JsonWriterTest","getStrictness()","testDefaultStrictness()","30-07-2023 09:20:32 AM -07:00:b3dce2dc17086c72bd1f8ccf508874849f9631bb",1
"ConsoleApp.linkage","JsonWriter","JsonWriterTest","getStrictness()","testSetLenientTrue()","30-07-2023 09:20:32 AM -07:00:b3dce2dc17086c72bd1f8ccf508874849f9631bb",1
"ConsoleApp.linkage","JsonWriter","JsonWriterTest","getStrictness()","testSetLenientFalse()","30-07-2023 09:20:32 AM -07:00:b3dce2dc17086c72bd1f8ccf508874849f9631bb",1
"ConsoleApp.linkage","JsonWriter","JsonWriterTest","getStrictness()","testSetStrictness()","30-07-2023 09:20:32 AM -07:00:b3dce2dc17086c72bd1f8ccf508874849f9631bb",1
"ConsoleApp.linkage","JsonWriter","JsonWriterTest","value(float)","testNonFiniteFloats()","30-07-2023 09:20:32 AM -07:00:b3dce2dc17086c72bd1f8ccf508874849f9631bb
08-06-2022 03:04:42 PM -07:00:96ab171eb48dcea94fd9b8f425f65c531e6c3aad",2
"ConsoleApp.linkage","JsonWriter","JsonWriterTest","value(float)","testNonFiniteFloatsWhenStrict()","30-07-2023 09:20:32 AM -07:00:b3dce2dc17086c72bd1f8ccf508874849f9631bb",1
"ConsoleApp.linkage","JsonWriter","JsonWriterTest","value(float)","testNonFiniteFloatsWhenLenient()","30-07-2023 09:20:32 AM -07:00:b3dce2dc17086c72bd1f8ccf508874849f9631bb
08-06-2022 03:04:42 PM -07:00:96ab171eb48dcea94fd9b8f425f65c531e6c3aad",2
"ConsoleApp.linkage","JsonWriter","JsonWriterTest","value(float)","testFloats()","08-06-2022 03:04:42 PM -07:00:96ab171eb48dcea94fd9b8f425f65c531e6c3aad",1
"ConsoleApp.linkage","JsonWriter","JsonWriterTest","value(double)","testNonFiniteDoubles()","30-07-2023 09:20:32 AM -07:00:b3dce2dc17086c72bd1f8ccf508874849f9631bb",1
"ConsoleApp.linkage","JsonWriter","JsonWriterTest","value(double)","testNonFiniteDoublesWhenStrict()","30-07-2023 09:20:32 AM -07:00:b3dce2dc17086c72bd1f8ccf508874849f9631bb",1
"ConsoleApp.linkage","JsonWriter","JsonWriterTest","value(double)","testNonFiniteDoublesWhenLenient()","30-07-2023 09:20:32 AM -07:00:b3dce2dc17086c72bd1f8ccf508874849f9631bb
31-05-2017 07:50:45 PM +03:00:ada597e69a78b8b99f79f79493cbf51e16045202",2
"ConsoleApp.linkage","JsonWriter","JsonWriterTest","value(double)","testTopLevelValueTypes()","18-01-2016 03:16:01 PM -05:00:af68d70cd55826fa7149effd7397d64667ca264c
18-01-2016 03:07:33 PM -05:00:c8627c8ab831dec86eeb52fc02600b22c81ba858",2
"ConsoleApp.linkage","JsonWriter","JsonWriterTest","value(Number)","testNonFiniteNumbers()","30-07-2023 09:20:32 AM -07:00:b3dce2dc17086c72bd1f8ccf508874849f9631bb
28-01-2022 08:26:28 PM +01:00:e2e851c9bc692cec68ba7b0cbb002f82b4a229e4",2
"ConsoleApp.linkage","JsonWriter","JsonWriterTest","value(Number)","testNonFiniteNumbersWhenStrict()","30-07-2023 09:20:32 AM -07:00:b3dce2dc17086c72bd1f8ccf508874849f9631bb",1
"ConsoleApp.linkage","JsonWriter","JsonWriterTest","value(Number)","testNonFiniteNumbersWhenLenient()","30-07-2023 09:20:32 AM -07:00:b3dce2dc17086c72bd1f8ccf508874849f9631bb
28-01-2022 08:26:28 PM +01:00:e2e851c9bc692cec68ba7b0cbb002f82b4a229e4",2
"ConsoleApp.linkage","JsonWriter","JsonWriterTest","value(Number)","testNumbersCustomClass()","28-01-2022 08:26:28 PM +01:00:e2e851c9bc692cec68ba7b0cbb002f82b4a229e4",1
"ConsoleApp.linkage","JsonWriter","JsonWriterTest","value(Number)","testMalformedNumbers()","28-01-2022 08:26:28 PM +01:00:e2e851c9bc692cec68ba7b0cbb002f82b4a229e4",1
"ConsoleApp.linkage","JsonWriter","JsonWriterTest","setIndent(String)","testIndentOverwritesFormattingStyle()","31-05-2023 01:32:22 AM +02:00:481ac9b82cd5713f43018fafc16218d4045dc4c4",1
"ConsoleApp.linkage","JsonWriter","JsonWriterTest","getFormattingStyle()","testSetGetFormattingStyle()","12-02-2023 08:20:02 AM -08:00:19f54ee6ed33b7517c729c801bc57c8c0478be7d",1
"ConsoleApp.linkage","JsonWriter","JsonWriterTest","value(Boolean)","testBoxedBooleans()","22-04-2016 02:54:25 PM -10:00:874e74a3072f7ff0d2533296698ad126321516d1
22-04-2016 07:50:10 PM -04:00:59edfc1caf2bb30e30f523f8502f23e8f8edc38e",2
"ConsoleApp.linkage","JsonWriter","JsonWriterTest","value(String)","testTopLevelValueTypes()","18-01-2016 03:16:01 PM -05:00:af68d70cd55826fa7149effd7397d64667ca264c
18-01-2016 03:07:33 PM -05:00:c8627c8ab831dec86eeb52fc02600b22c81ba858",2
"ConsoleApp.linkage","JsonWriter","JsonWriterTest","value(String)","testInvalidTopLevelTypes()","18-01-2016 03:16:01 PM -05:00:af68d70cd55826fa7149effd7397d64667ca264c
18-01-2016 03:07:33 PM -05:00:c8627c8ab831dec86eeb52fc02600b22c81ba858",2
"ConsoleApp.linkage","JsonWriter","JsonWriterTest","nullValue()","testTopLevelValueTypes()","18-01-2016 03:16:01 PM -05:00:af68d70cd55826fa7149effd7397d64667ca264c
18-01-2016 03:07:33 PM -05:00:c8627c8ab831dec86eeb52fc02600b22c81ba858",2
"ConsoleApp.linkage","JsonWriter","JsonWriterTest","value(boolean)","testTopLevelValueTypes()","18-01-2016 03:16:01 PM -05:00:af68d70cd55826fa7149effd7397d64667ca264c
18-01-2016 03:07:33 PM -05:00:c8627c8ab831dec86eeb52fc02600b22c81ba858",2
"ConsoleApp.linkage","JsonWriter","JsonWriterTest","value(long)","testTopLevelValueTypes()","18-01-2016 03:16:01 PM -05:00:af68d70cd55826fa7149effd7397d64667ca264c
18-01-2016 03:07:33 PM -05:00:c8627c8ab831dec86eeb52fc02600b22c81ba858",2
"ConsoleApp.linkage","JsonWriter","JsonWriterTest","jsonValue(String)","testJsonValue()","20-07-2015 11:21:23 AM -07:00:8e570ee3a2b5dc637c0fd270e09f67e72de35f83
19-07-2015 12:46:26 PM -07:00:f7abd59a3b349d5c926507705f439afff54ed301",2
"ConsoleApp.linkage","JsonWriter","JsonWriterTest","flush()","testClosedWriterThrowsOnFlush()","12-02-2012 08:42:16 PM +00:00:2c8bec27d48d0d9ba9d99ff5fb7a9bae36906c48",1
"ConsoleApp.linkage","JsonWriter","JsonWriterTest","close()","testLenientWriterPermitsMultipleTopLevelValues()","12-02-2012 08:42:16 PM +00:00:2c8bec27d48d0d9ba9d99ff5fb7a9bae36906c48",1
"ConsoleApp.linkage","JsonWriter","JsonWriterTest","close()","testClosedWriterThrowsOnStructure()","12-02-2012 08:42:16 PM +00:00:2c8bec27d48d0d9ba9d99ff5fb7a9bae36906c48",1
"ConsoleApp.linkage","JsonWriter","JsonWriterTest","close()","testClosedWriterThrowsOnName()","12-02-2012 08:42:16 PM +00:00:2c8bec27d48d0d9ba9d99ff5fb7a9bae36906c48",1
"ConsoleApp.linkage","JsonWriter","JsonWriterTest","close()","testClosedWriterThrowsOnValue()","12-02-2012 08:42:16 PM +00:00:2c8bec27d48d0d9ba9d99ff5fb7a9bae36906c48",1
"ConsoleApp.linkage","JsonWriter","JsonWriterTest","close()","testClosedWriterThrowsOnFlush()","12-02-2012 08:42:16 PM +00:00:2c8bec27d48d0d9ba9d99ff5fb7a9bae36906c48",1
"ConsoleApp.linkage","JsonWriter","JsonWriterTest","close()","testWriterCloseIsIdempotent()","12-02-2012 08:42:16 PM +00:00:2c8bec27d48d0d9ba9d99ff5fb7a9bae36906c48",1
"ConsoleApp.linkage","ReflectionAccessFilter","ReflectionAccessFilterTest","toString()","testConstantsToString()","19-11-2023 06:01:19 PM +01:00:08174e201980698a89f5f5996e10617d89ff09e1",1
"ConsoleApp.linkage","ConstructorConstructor","ConstructorConstructorTest","construct()","testGet_AbstractClassNoArgConstructor()","06-11-2023 08:59:01 PM +01:00:2c94c757a6a9426cc2fe47bc1c63f69e7c73b7b4
24-07-2023 04:34:02 PM +02:00:ecb9f8c8adab5446225461b7f8aea16c79e2e104
17-04-2022 06:05:18 PM +02:00:e82637c4856b026f1ff2575c5e3d60c516391b79",3
"ConsoleApp.linkage","ConstructorConstructor","ConstructorConstructorTest","construct()","testGet_Interface()","06-11-2023 08:59:01 PM +01:00:2c94c757a6a9426cc2fe47bc1c63f69e7c73b7b4
24-07-2023 04:34:02 PM +02:00:ecb9f8c8adab5446225461b7f8aea16c79e2e104
17-04-2022 06:05:18 PM +02:00:e82637c4856b026f1ff2575c5e3d60c516391b79",3
"ConsoleApp.linkage","UnsafeAllocator","UnsafeAllocatorInstantiationTest","newInstance(Class)","testInterfaceInstantiation()","30-09-2022 12:59:47 AM +02:00:9c9cafcf9d732206171da0e5da549c97476a2aa2
17-04-2022 06:05:18 PM +02:00:e82637c4856b026f1ff2575c5e3d60c516391b79",2
"ConsoleApp.linkage","UnsafeAllocator","UnsafeAllocatorInstantiationTest","newInstance(Class)","testAbstractClassInstantiation()","30-09-2022 12:59:47 AM +02:00:9c9cafcf9d732206171da0e5da549c97476a2aa2
17-04-2022 06:05:18 PM +02:00:e82637c4856b026f1ff2575c5e3d60c516391b79",2
"ConsoleApp.linkage","UnsafeAllocator","UnsafeAllocatorInstantiationTest","newInstance(Class)","testConcreteClassInstantiation()","30-09-2022 12:59:47 AM +02:00:9c9cafcf9d732206171da0e5da549c97476a2aa2
17-04-2022 06:05:18 PM +02:00:e82637c4856b026f1ff2575c5e3d60c516391b79",2
"ConsoleApp.linkage","LongSerializationPolicy","LongSerializationPolicyTest","serialize(Long)","testDefaultLongSerializationNull()","11-10-2021 09:34:32 PM +02:00:cd748df7122ea4260d35dfe90cfab0c079a1504d",1
"ConsoleApp.linkage","LongSerializationPolicy","LongSerializationPolicyTest","serialize(Long)","testStringLongSerializationNull()","11-10-2021 09:34:32 PM +02:00:cd748df7122ea4260d35dfe90cfab0c079a1504d",1
"ConsoleApp.linkage","FormattingStyle","FormattingStyleTest","withNewline(String)","testVariousCombinationsParse()","31-05-2023 01:32:22 AM +02:00:481ac9b82cd5713f43018fafc16218d4045dc4c4",1
"ConsoleApp.linkage","FormattingStyle","FormattingStyleTest","withNewline(String)","testFormat()","31-05-2023 01:32:22 AM +02:00:481ac9b82cd5713f43018fafc16218d4045dc4c4",1
"ConsoleApp.linkage","FormattingStyle","FormattingStyleTest","withNewline(String)","testCompactToPretty()","31-05-2023 01:32:22 AM +02:00:481ac9b82cd5713f43018fafc16218d4045dc4c4",1
"ConsoleApp.linkage","FormattingStyle","FormattingStyleTest","withNewline(String)","testPrettyToCompact()","31-05-2023 01:32:22 AM +02:00:481ac9b82cd5713f43018fafc16218d4045dc4c4",1
"ConsoleApp.linkage","FormattingStyle","FormattingStyleTest","withNewline(String)","testStyleValidations()","31-05-2023 01:32:22 AM +02:00:481ac9b82cd5713f43018fafc16218d4045dc4c4",1
"ConsoleApp.linkage","FormattingStyle","FormattingStyleTest","withIndent(String)","testVariousCombinationsParse()","31-05-2023 01:32:22 AM +02:00:481ac9b82cd5713f43018fafc16218d4045dc4c4",1
"ConsoleApp.linkage","FormattingStyle","FormattingStyleTest","withIndent(String)","testFormat()","31-05-2023 01:32:22 AM +02:00:481ac9b82cd5713f43018fafc16218d4045dc4c4",1
"ConsoleApp.linkage","FormattingStyle","FormattingStyleTest","withIndent(String)","testCompactToPretty()","31-05-2023 01:32:22 AM +02:00:481ac9b82cd5713f43018fafc16218d4045dc4c4",1
"ConsoleApp.linkage","FormattingStyle","FormattingStyleTest","withIndent(String)","testPrettyToCompact()","31-05-2023 01:32:22 AM +02:00:481ac9b82cd5713f43018fafc16218d4045dc4c4",1
"ConsoleApp.linkage","FormattingStyle","FormattingStyleTest","withIndent(String)","testStyleValidations()","31-05-2023 01:32:22 AM +02:00:481ac9b82cd5713f43018fafc16218d4045dc4c4",1
"ConsoleApp.linkage","FormattingStyle","FormattingStyleTest","withSpaceAfterSeparators(boolean)","testFormatPrettySingleLine()","31-05-2023 01:32:22 AM +02:00:481ac9b82cd5713f43018fafc16218d4045dc4c4",1
"ConsoleApp.linkage","FormattingStyle","FormattingStyleTest","withSpaceAfterSeparators(boolean)","testFormat()","31-05-2023 01:32:22 AM +02:00:481ac9b82cd5713f43018fafc16218d4045dc4c4",1
"ConsoleApp.linkage","FormattingStyle","FormattingStyleTest","withSpaceAfterSeparators(boolean)","testCompactToPretty()","31-05-2023 01:32:22 AM +02:00:481ac9b82cd5713f43018fafc16218d4045dc4c4",1
"ConsoleApp.linkage","FormattingStyle","FormattingStyleTest","withSpaceAfterSeparators(boolean)","testPrettyToCompact()","31-05-2023 01:32:22 AM +02:00:481ac9b82cd5713f43018fafc16218d4045dc4c4",1
"ConsoleApp.linkage","RuntimeTypeAdapterFactory","RuntimeTypeAdapterFactoryFunctionalTest","registerSubtype(Class, String)","registerSubtype(Class)","10-04-2023 10:50:25 AM -07:00:c1da2d7070773af51ff7a98cf2979af61623e596",1
"ConsoleApp.linkage","RuntimeTypeAdapterFactory","RuntimeTypeAdapterFactoryTest","recognizeSubtypes()","testRuntimeTypeAdapterRecognizeSubtypes()","27-07-2022 12:18:20 PM -07:00:2deb2099d3007b8bb0e324bc364b6f9dddada0cd",1
"ConsoleApp.linkage","JsonArray","JsonArrayTest","getAsByte()","testGetAs_WrongArraySize()","21-08-2022 10:29:40 PM +02:00:51a72b463bc447d32fe8e594afa1980fd34e52d6",1
"ConsoleApp.linkage","JsonArray","JsonArrayTest","add(Boolean)","testBooleanPrimitiveAddition()","26-07-2015 02:17:10 PM -07:00:24eec9428bbd2a6f24b36b8a216ca425b8b5252e",1
"ConsoleApp.linkage","JsonArray","JsonArrayTest","add(Boolean)","testMixedPrimitiveAddition()","26-07-2015 02:17:10 PM -07:00:24eec9428bbd2a6f24b36b8a216ca425b8b5252e",1
"ConsoleApp.linkage","JsonArray","JsonArrayTest","add(Boolean)","testNullPrimitiveAddition()","26-07-2015 02:17:10 PM -07:00:24eec9428bbd2a6f24b36b8a216ca425b8b5252e",1
"ConsoleApp.linkage","JsonArray","JsonArrayTest","add(Boolean)","testSameAddition()","26-07-2015 02:17:10 PM -07:00:24eec9428bbd2a6f24b36b8a216ca425b8b5252e",1
"ConsoleApp.linkage","JsonArray","JsonArrayTest","add(Character)","testCharPrimitiveAddition()","26-07-2015 02:17:10 PM -07:00:24eec9428bbd2a6f24b36b8a216ca425b8b5252e",1
"ConsoleApp.linkage","JsonArray","JsonArrayTest","add(Character)","testMixedPrimitiveAddition()","26-07-2015 02:17:10 PM -07:00:24eec9428bbd2a6f24b36b8a216ca425b8b5252e",1
"ConsoleApp.linkage","JsonArray","JsonArrayTest","add(Character)","testNullPrimitiveAddition()","26-07-2015 02:17:10 PM -07:00:24eec9428bbd2a6f24b36b8a216ca425b8b5252e",1
"ConsoleApp.linkage","JsonArray","JsonArrayTest","add(Character)","testSameAddition()","26-07-2015 02:17:10 PM -07:00:24eec9428bbd2a6f24b36b8a216ca425b8b5252e",1
"ConsoleApp.linkage","JsonArray","JsonArrayTest","add(Number)","testIntegerPrimitiveAddition()","26-07-2015 02:17:10 PM -07:00:24eec9428bbd2a6f24b36b8a216ca425b8b5252e",1
"ConsoleApp.linkage","JsonArray","JsonArrayTest","add(Number)","testDoublePrimitiveAddition()","26-07-2015 02:17:10 PM -07:00:24eec9428bbd2a6f24b36b8a216ca425b8b5252e",1
"ConsoleApp.linkage","JsonArray","JsonArrayTest","add(Number)","testMixedPrimitiveAddition()","26-07-2015 02:17:10 PM -07:00:24eec9428bbd2a6f24b36b8a216ca425b8b5252e",1
"ConsoleApp.linkage","JsonArray","JsonArrayTest","add(Number)","testNullPrimitiveAddition()","26-07-2015 02:17:10 PM -07:00:24eec9428bbd2a6f24b36b8a216ca425b8b5252e",1
"ConsoleApp.linkage","JsonArray","JsonArrayTest","add(Number)","testSameAddition()","26-07-2015 02:17:10 PM -07:00:24eec9428bbd2a6f24b36b8a216ca425b8b5252e",1
"ConsoleApp.linkage","JsonArray","JsonArrayTest","add(String)","testStringPrimitiveAddition()","26-07-2015 02:17:10 PM -07:00:24eec9428bbd2a6f24b36b8a216ca425b8b5252e",1
"ConsoleApp.linkage","JsonArray","JsonArrayTest","add(String)","testCharPrimitiveAddition()","26-07-2015 02:17:10 PM -07:00:24eec9428bbd2a6f24b36b8a216ca425b8b5252e",1
"ConsoleApp.linkage","JsonArray","JsonArrayTest","add(String)","testMixedPrimitiveAddition()","26-07-2015 02:17:10 PM -07:00:24eec9428bbd2a6f24b36b8a216ca425b8b5252e",1
"ConsoleApp.linkage","JsonArray","JsonArrayTest","add(String)","testNullPrimitiveAddition()","26-07-2015 02:17:10 PM -07:00:24eec9428bbd2a6f24b36b8a216ca425b8b5252e",1
"ConsoleApp.linkage","JsonArray","JsonArrayTest","remove(int)","testRemove()","02-07-2014 06:21:36 PM +00:00:9bbdcac5a82600f30b1f1d1d0de27db936d3bd55",1
"ConsoleApp.linkage","JsonArray","JsonArrayTest","deepCopy()","testDeepCopy()","21-08-2012 01:19:43 AM +00:00:9c4b23b39ad8bb0e42b0b3324a929bbb8b52158f
17-06-2011 09:46:28 PM +00:00:f74dffc6fd90fb5efdaa982bd7ba0e8a42c31c6f",2
"ConsoleApp.linkage","JsonArray","JsonArrayTest","equals(Object)","testEqualsNonEmptyArray()","04-04-2011 10:09:51 PM +00:00:feb9617bf087738ddb5becffdcaf16efeb187478",1
"ConsoleApp.linkage","JsonObject","JsonObjectTest","isEmpty()","testIsEmpty()","13-11-2022 03:58:30 PM -05:00:ceb3b8747ece88cc9f8422420fefccb95b83860f",1
"ConsoleApp.linkage","JsonObject","JsonObjectTest","keySet()","testKeySet()","14-12-2016 12:15:49 AM -06:00:4976e420fceaf0615f93dd3c59d5243b84160ffb",1
"ConsoleApp.linkage","JsonObject","JsonObjectTest","size()","testSize()","09-06-2016 11:06:50 PM -07:00:5f63fcec98881e16ff950e9d981ce86a2563fb51
10-06-2016 12:46:32 AM -04:00:c16be41e77bb53a4b639cb864c9a6e4d0f8df7c2",2
"ConsoleApp.linkage","JsonObject","JsonObjectTest","get(String)","testAddingAndRemovingObjectProperties()","11-10-2012 03:15:49 AM +00:00:14f16e2d0c3c60338d69a3e0f653b8b876fdc1be",1
"ConsoleApp.linkage","JsonObject","JsonObjectTest","deepCopy()","testDeepCopy()","21-08-2012 01:19:43 AM +00:00:9c4b23b39ad8bb0e42b0b3324a929bbb8b52158f
17-06-2011 09:46:28 PM +00:00:f74dffc6fd90fb5efdaa982bd7ba0e8a42c31c6f",2
"ConsoleApp.linkage","JsonObject","JsonObjectTest","equals(Object)","testEqualsNonEmptyObject()","04-04-2011 10:09:51 PM +00:00:feb9617bf087738ddb5becffdcaf16efeb187478
15-02-2011 12:14:20 AM +00:00:3d006c90a2d2e53f786acdba64f48d9b12ab0ed3",2
"ConsoleApp.linkage","JsonObject","JsonObjectTest","addProperty(String, String)","testAddingStringProperties()","30-11-2008 11:36:29 PM +00:00:5ae7e1f8032ac2118e6b69dce9dd089286413846",1
"ConsoleApp.linkage","JsonObject","JsonObjectTest","addProperty(String, Boolean)","testAddingBooleanProperties()","30-11-2008 11:36:29 PM +00:00:5ae7e1f8032ac2118e6b69dce9dd089286413846",1
"ConsoleApp.linkage","JsonObject","JsonObjectTest","addProperty(String, Character)","testAddingCharacterProperties()","30-11-2008 11:36:29 PM +00:00:5ae7e1f8032ac2118e6b69dce9dd089286413846",1
"ConsoleApp.linkage","JsonStreamParser","JsonStreamParserTest","next()","testParseTwoStrings()","14-12-2022 05:33:33 PM +01:00:f63a1b85aec695f4d464e07a5c13fc038d581527",1
"ConsoleApp.linkage","JsonStreamParser","JsonStreamParserTest","next()","testIterator()","14-12-2022 05:33:33 PM +01:00:f63a1b85aec695f4d464e07a5c13fc038d581527",1
"ConsoleApp.linkage","JsonStreamParser","JsonStreamParserTest","next()","testNoSideEffectForHasNext()","14-12-2022 05:33:33 PM +01:00:f63a1b85aec695f4d464e07a5c13fc038d581527",1
"ConsoleApp.linkage","JsonStreamParser","JsonStreamParserTest","next()","testCallingNextBeyondAvailableInput()","14-12-2022 05:33:33 PM +01:00:f63a1b85aec695f4d464e07a5c13fc038d581527
01-10-2009 06:34:11 PM +00:00:c64b79c0f9e81ebeeec18fa27e2be7468916f078",2
"ConsoleApp.linkage","JsonStreamParser","JsonStreamParserTest","next()","testEmptyInput()","14-12-2022 05:33:33 PM +01:00:f63a1b85aec695f4d464e07a5c13fc038d581527",1
"ConsoleApp.linkage","JsonStreamParser","JsonStreamParserTest","next()","testIncompleteInput()","14-12-2022 05:33:33 PM +01:00:f63a1b85aec695f4d464e07a5c13fc038d581527",1
"ConsoleApp.linkage","JsonStreamParser","JsonStreamParserTest","next()","testMalformedInput()","14-12-2022 05:33:33 PM +01:00:f63a1b85aec695f4d464e07a5c13fc038d581527",1
"ConsoleApp.linkage","FieldAttributes","FieldAttributesTest","getDeclaringClass()","testDeclaringClass()","01-11-2010 10:31:48 PM +00:00:d0977c2e3af152901b7b921a31ab6597b0884a4a",1
"ConsoleApp.linkage","JsonNull","JsonNullTest","deepCopy()","testDeepCopy()","21-08-2012 01:19:43 AM +00:00:9c4b23b39ad8bb0e42b0b3324a929bbb8b52158f",1
"ConsoleApp.linkage","ParameterizedTypeHandlerMap","ParameterizedTypeHandlerMapTest","registerForTypeHierarchy(Class, T)","testTypeHierarchy()","20-11-2011 06:03:46 PM +00:00:777e17c723fa2c87d703326f6bcf1195645893bd
21-06-2010 11:26:06 PM +00:00:8aedbc84dbf580531ec43a33729526b3ed038306",2
"ConsoleApp.linkage","ParameterizedTypeHandlerMap","ParameterizedTypeHandlerMapTest","registerForTypeHierarchy(Class, T)","testTypeHierarchyMultipleHandlers()","20-11-2011 06:03:46 PM +00:00:777e17c723fa2c87d703326f6bcf1195645893bd
21-06-2010 11:26:06 PM +00:00:8aedbc84dbf580531ec43a33729526b3ed038306",2
"ConsoleApp.linkage","ParameterizedTypeHandlerMap","ParameterizedTypeHandlerMapTest","registerForTypeHierarchy(Class, T)","testTypeHierarchyRegisterIfAbsent()","20-11-2011 06:03:46 PM +00:00:777e17c723fa2c87d703326f6bcf1195645893bd
21-06-2010 11:26:06 PM +00:00:8aedbc84dbf580531ec43a33729526b3ed038306",2
"ConsoleApp.linkage","ParameterizedTypeHandlerMap","ParameterizedTypeHandlerMapTest","registerForTypeHierarchy(Class, T)","testReplaceExistingTypeHierarchyHandler()","20-11-2011 06:03:46 PM +00:00:777e17c723fa2c87d703326f6bcf1195645893bd",1
"ConsoleApp.linkage","ParameterizedTypeHandlerMap","ParameterizedTypeHandlerMapTest","registerForTypeHierarchy(Class, T)","testHidingExistingTypeHierarchyHandlerIsDisallowed()","20-11-2011 06:03:46 PM +00:00:777e17c723fa2c87d703326f6bcf1195645893bd",1
"ConsoleApp.linkage","ParameterizedTypeHandlerMap","ParameterizedTypeHandlerMapTest","registerForTypeHierarchy(Class, T, boolean)","testTypeHierarchy()","24-06-2011 09:52:59 PM +00:00:9196b2325126988f72248a7d35ffcb44744e0134",1
"ConsoleApp.linkage","ParameterizedTypeHandlerMap","ParameterizedTypeHandlerMapTest","registerForTypeHierarchy(Class, T, boolean)","testTypeHierarchyMultipleHandlers()","24-06-2011 09:52:59 PM +00:00:9196b2325126988f72248a7d35ffcb44744e0134",1
"ConsoleApp.linkage","ParameterizedTypeHandlerMap","ParameterizedTypeHandlerMapTest","registerForTypeHierarchy(Class, T, boolean)","testTypeHierarchyRegisterIfAbsent()","24-06-2011 09:52:59 PM +00:00:9196b2325126988f72248a7d35ffcb44744e0134",1
"ConsoleApp.linkage","ParameterizedTypeHandlerMap","ParameterizedTypeHandlerMapTest","registerForTypeHierarchy(Class, T, boolean)","testReplaceExistingTypeHierarchyHandler()","24-06-2011 09:52:59 PM +00:00:9196b2325126988f72248a7d35ffcb44744e0134",1
"ConsoleApp.linkage","ParameterizedTypeHandlerMap","ParameterizedTypeHandlerMapTest","registerForTypeHierarchy(Class, T, boolean)","testHidingExistingTypeHierarchyHandlerIsDisallowed()","24-06-2011 09:52:59 PM +00:00:9196b2325126988f72248a7d35ffcb44744e0134",1
"ConsoleApp.linkage","JsonElementWriter","JsonElementWriterTest","value(double)","testLenientNansAndInfinities()","01-10-2011 12:35:51 AM +00:00:349c01e861e645d747fdb954f22d0555b2753e4d",1
"ConsoleApp.linkage","JsonElementWriter","JsonElementWriterTest","value(double)","testStrictNansAndInfinities()","01-10-2011 12:35:51 AM +00:00:349c01e861e645d747fdb954f22d0555b2753e4d",1
"ConsoleApp.linkage","JsonElementWriter","JsonElementWriterTest","value(Number)","testStrictBoxedNansAndInfinities()","01-10-2011 12:35:51 AM +00:00:349c01e861e645d747fdb954f22d0555b2753e4d",1
"ConsoleApp.linkage","JsonElementWriter","JsonElementWriterTest","close()","testWriteAfterClose()","01-10-2011 12:12:36 AM +00:00:9b7b49bf0fa0e33e993ef75ca75c5fe5920976cc",1
"ConsoleApp.linkage","JsonElementWriter","JsonElementWriterTest","close()","testPrematureClose()","01-10-2011 12:12:36 AM +00:00:9b7b49bf0fa0e33e993ef75ca75c5fe5920976cc",1
"ConsoleApp.linkage","JsonElementReader","JsonElementReaderTest","nextDouble()","testLenientNansAndInfinities()","30-09-2011 03:47:30 AM +00:00:6c0566bd220e342364facc29078c6c3f325d5276",1
"ConsoleApp.linkage","JsonElementReader","JsonElementReaderTest","nextDouble()","testStrictNansAndInfinities()","30-09-2011 03:47:30 AM +00:00:6c0566bd220e342364facc29078c6c3f325d5276",1
"ConsoleApp.linkage","JsonElementReader","JsonElementReaderTest","nextDouble()","testNumbers()","30-09-2011 03:25:41 AM +00:00:9ce9c62b4452f6cc9fbb89058a28abd8cddbafe9",1
"ConsoleApp.linkage","JsonElementReader","JsonElementReaderTest","nextDouble()","testNumbersFromStrings()","30-09-2011 03:25:41 AM +00:00:9ce9c62b4452f6cc9fbb89058a28abd8cddbafe9",1
"ConsoleApp.linkage","JsonElementReader","JsonElementReaderTest","nextDouble()","testWrongType()","30-09-2011 03:25:41 AM +00:00:9ce9c62b4452f6cc9fbb89058a28abd8cddbafe9",1
"ConsoleApp.linkage","JsonElementReader","JsonElementReaderTest","peek()","testArray()","30-09-2011 03:31:44 AM +00:00:1bb01055f001833017e52d479b608c2a96b665e1",1
"ConsoleApp.linkage","JsonElementReader","JsonElementReaderTest","peek()","testObject()","30-09-2011 03:31:44 AM +00:00:1bb01055f001833017e52d479b608c2a96b665e1",1
"ConsoleApp.linkage","JsonElementReader","JsonElementReaderTest","peek()","testEarlyClose()","30-09-2011 03:31:44 AM +00:00:1bb01055f001833017e52d479b608c2a96b665e1",1
"ConsoleApp.linkage","JsonElementReader","JsonElementReaderTest","close()","testEarlyClose()","30-09-2011 03:31:44 AM +00:00:1bb01055f001833017e52d479b608c2a96b665e1",1
"ConsoleApp.linkage","JsonElementReader","JsonElementReaderTest","nextString()","testStringsFromNumbers()","30-09-2011 03:25:41 AM +00:00:9ce9c62b4452f6cc9fbb89058a28abd8cddbafe9",1
"ConsoleApp.linkage","JsonElementReader","JsonElementReaderTest","nextString()","testStrings()","30-09-2011 03:25:41 AM +00:00:9ce9c62b4452f6cc9fbb89058a28abd8cddbafe9",1
"ConsoleApp.linkage","JsonElementReader","JsonElementReaderTest","nextString()","testSkipValue()","30-09-2011 03:25:41 AM +00:00:9ce9c62b4452f6cc9fbb89058a28abd8cddbafe9",1
"ConsoleApp.linkage","JsonElementReader","JsonElementReaderTest","nextString()","testWrongType()","30-09-2011 03:25:41 AM +00:00:9ce9c62b4452f6cc9fbb89058a28abd8cddbafe9",1
"ConsoleApp.linkage","JsonElementReader","JsonElementReaderTest","nextLong()","testNumbers()","30-09-2011 03:25:41 AM +00:00:9ce9c62b4452f6cc9fbb89058a28abd8cddbafe9",1
"ConsoleApp.linkage","JsonElementReader","JsonElementReaderTest","nextLong()","testNumbersFromStrings()","30-09-2011 03:25:41 AM +00:00:9ce9c62b4452f6cc9fbb89058a28abd8cddbafe9",1
"ConsoleApp.linkage","JsonElementReader","JsonElementReaderTest","nextLong()","testWrongType()","30-09-2011 03:25:41 AM +00:00:9ce9c62b4452f6cc9fbb89058a28abd8cddbafe9",1
"ConsoleApp.linkage","JsonElementReader","JsonElementReaderTest","nextInt()","testNumbers()","30-09-2011 03:25:41 AM +00:00:9ce9c62b4452f6cc9fbb89058a28abd8cddbafe9",1
"ConsoleApp.linkage","JsonElementReader","JsonElementReaderTest","nextInt()","testNumbersFromStrings()","30-09-2011 03:25:41 AM +00:00:9ce9c62b4452f6cc9fbb89058a28abd8cddbafe9",1
"ConsoleApp.linkage","JsonElementReader","JsonElementReaderTest","nextInt()","testWrongType()","30-09-2011 03:25:41 AM +00:00:9ce9c62b4452f6cc9fbb89058a28abd8cddbafe9",1
"ConsoleApp.linkage","DefaultTypeAdapters","DefaultTypeAdaptersTest","toString()","testStringBuilderDeserialization()","31-01-2011 11:14:02 PM +00:00:ea48a1debfaa863d29dac8ddee9a4dd5a55ed785",1
"ConsoleApp.linkage","DefaultTypeAdapters","DefaultTypeAdaptersTest","toString()","testStringBufferDeserialization()","31-01-2011 11:14:02 PM +00:00:ea48a1debfaa863d29dac8ddee9a4dd5a55ed785",1
"ConsoleApp.linkage","DefaultTypeAdapters","DefaultTypeAdaptersTest","toString()","testUuidDeserialization()","13-12-2008 08:42:31 PM +00:00:0b5f3dc8255a4811df48817dc9b899d67e8725fa",1
"ConsoleApp.linkage","DefaultTypeAdapters","DefaultTypeAdaptersTest","toString()","testDefaultDateDeserialization()","13-10-2008 06:40:20 PM +00:00:2b9fd47b720f0743d69dfcc48bc04b471e37d240",1
"ConsoleApp.linkage","DefaultTypeAdapters","DefaultTypeAdaptersTest","toString()","testDefaultDateDeserializationUsingBuilder()","13-10-2008 06:40:20 PM +00:00:2b9fd47b720f0743d69dfcc48bc04b471e37d240",1
"ConsoleApp.linkage","RuntimeTypeAdapter","RuntimeTypeAdapterTest","create(Class)","testNullBaseType()","06-06-2011 05:40:13 AM +00:00:9ad3358728073500a5fc30f9685eefa48696fe23",1
"ConsoleApp.linkage","RuntimeTypeAdapter","RuntimeTypeAdapterTest","create(Class)","testNullSubtype()","06-06-2011 05:40:13 AM +00:00:9ad3358728073500a5fc30f9685eefa48696fe23",1
"ConsoleApp.linkage","RuntimeTypeAdapter","RuntimeTypeAdapterTest","create(Class)","testNullLabel()","06-06-2011 05:40:13 AM +00:00:9ad3358728073500a5fc30f9685eefa48696fe23",1
"ConsoleApp.linkage","RuntimeTypeAdapter","RuntimeTypeAdapterTest","create(Class)","testDuplicateSubtype()","06-06-2011 05:40:13 AM +00:00:9ad3358728073500a5fc30f9685eefa48696fe23",1
"ConsoleApp.linkage","RuntimeTypeAdapter","RuntimeTypeAdapterTest","create(Class)","testDuplicateLabel()","06-06-2011 05:40:13 AM +00:00:9ad3358728073500a5fc30f9685eefa48696fe23",1
"ConsoleApp.linkage","RuntimeTypeAdapter","RuntimeTypeAdapterTest","create(Class)","testDeserializeMissingTypeField()","06-06-2011 05:40:13 AM +00:00:9ad3358728073500a5fc30f9685eefa48696fe23",1
"ConsoleApp.linkage","RuntimeTypeAdapter","RuntimeTypeAdapterTest","create(Class)","testDeserializeMissingSubtype()","06-06-2011 05:40:13 AM +00:00:9ad3358728073500a5fc30f9685eefa48696fe23",1
"ConsoleApp.linkage","RuntimeTypeAdapter","RuntimeTypeAdapterTest","create(Class)","testSerializeMissingSubtype()","06-06-2011 05:40:13 AM +00:00:9ad3358728073500a5fc30f9685eefa48696fe23",1
"ConsoleApp.linkage","RuntimeTypeAdapter","RuntimeTypeAdapterTest","registerSubtype(Class, String)","testNullLabel()","06-06-2011 05:40:13 AM +00:00:9ad3358728073500a5fc30f9685eefa48696fe23",1
"ConsoleApp.linkage","RuntimeTypeAdapter","RuntimeTypeAdapterTest","registerSubtype(Class, String)","testDuplicateSubtype()","06-06-2011 05:40:13 AM +00:00:9ad3358728073500a5fc30f9685eefa48696fe23",1
"ConsoleApp.linkage","RuntimeTypeAdapter","RuntimeTypeAdapterTest","registerSubtype(Class, String)","testDuplicateLabel()","06-06-2011 05:40:13 AM +00:00:9ad3358728073500a5fc30f9685eefa48696fe23",1
"ConsoleApp.linkage","RuntimeTypeAdapter","RuntimeTypeAdapterTest","registerSubtype(Class)","testRuntimeTypeAdapter()","27-05-2011 06:47:31 PM +00:00:3d50a6b72aabd4f3eb4a309a0df51c6d0db619d9",1
"ConsoleApp.linkage","RuntimeTypeAdapter","RuntimeTypeAdapterTest","registerSubtype(Class)","testRuntimeTypeIsBaseType()","27-05-2011 06:47:31 PM +00:00:3d50a6b72aabd4f3eb4a309a0df51c6d0db619d9",1
"ConsoleApp.linkage","Escaper","EscaperTest","escapeJsonString(CharSequence)","testNoSpecialCharacters()","28-12-2008 11:05:22 PM +00:00:73d93e332251ccf3619b3b6d2e7b1529e902e78d",1
"ConsoleApp.linkage","Escaper","EscaperTest","escapeJsonString(CharSequence)","testNewlineEscaping()","28-12-2008 11:05:22 PM +00:00:73d93e332251ccf3619b3b6d2e7b1529e902e78d",1
"ConsoleApp.linkage","Escaper","EscaperTest","escapeJsonString(CharSequence)","testCarrageReturnEscaping()","28-12-2008 11:05:22 PM +00:00:73d93e332251ccf3619b3b6d2e7b1529e902e78d",1
"ConsoleApp.linkage","Escaper","EscaperTest","escapeJsonString(CharSequence)","testTabEscaping()","28-12-2008 11:05:22 PM +00:00:73d93e332251ccf3619b3b6d2e7b1529e902e78d",1
"ConsoleApp.linkage","Escaper","EscaperTest","escapeJsonString(CharSequence)","testQuoteEscaping()","28-12-2008 11:05:22 PM +00:00:73d93e332251ccf3619b3b6d2e7b1529e902e78d",1
"ConsoleApp.linkage","Escaper","EscaperTest","escapeJsonString(CharSequence)","testLineSeparatorEscaping()","28-12-2008 11:05:22 PM +00:00:73d93e332251ccf3619b3b6d2e7b1529e902e78d",1
"ConsoleApp.linkage","Escaper","EscaperTest","escapeJsonString(CharSequence)","testParagraphSeparatorEscaping()","28-12-2008 11:05:22 PM +00:00:73d93e332251ccf3619b3b6d2e7b1529e902e78d",1
"ConsoleApp.linkage","Escaper","EscaperTest","escapeJsonString(CharSequence)","testControlCharBlockEscaping()","28-12-2008 11:05:22 PM +00:00:73d93e332251ccf3619b3b6d2e7b1529e902e78d",1
"ConsoleApp.linkage","Escaper","EscaperTest","escapeJsonString(CharSequence)","testEqualsEscaping()","28-12-2008 11:05:22 PM +00:00:73d93e332251ccf3619b3b6d2e7b1529e902e78d",1
"ConsoleApp.linkage","Escaper","EscaperTest","escapeJsonString(CharSequence)","testGreaterThanAndLessThanEscaping()","28-12-2008 11:05:22 PM +00:00:73d93e332251ccf3619b3b6d2e7b1529e902e78d",1
"ConsoleApp.linkage","Escaper","EscaperTest","escapeJsonString(CharSequence)","testAmpersandEscaping()","28-12-2008 11:05:22 PM +00:00:73d93e332251ccf3619b3b6d2e7b1529e902e78d",1
"ConsoleApp.linkage","Escaper","EscaperTest","escapeJsonString(CharSequence)","testSlashEscaping()","28-12-2008 11:05:22 PM +00:00:73d93e332251ccf3619b3b6d2e7b1529e902e78d",1
"ConsoleApp.linkage","Escaper","EscaperTest","escapeJsonString(CharSequence)","testSingleQuoteNotEscaped()","28-12-2008 11:05:22 PM +00:00:73d93e332251ccf3619b3b6d2e7b1529e902e78d",1
"ConsoleApp.linkage","Escaper","EscaperTest","escapeJsonString(CharSequence)","testRequiredEscapingUnicodeCharacter()","28-12-2008 11:05:22 PM +00:00:73d93e332251ccf3619b3b6d2e7b1529e902e78d",1
"ConsoleApp.linkage","Escaper","EscaperTest","escapeJsonString(CharSequence)","testUnicodeCharacterStringNoEscaping()","28-12-2008 11:05:22 PM +00:00:73d93e332251ccf3619b3b6d2e7b1529e902e78d",1
"ConsoleApp.linkage","DefaultConstructorAllocator","DefaultConstructorAllocatorTest","isInCache(Class)","testObjectConstructor()","06-04-2011 12:02:40 AM +00:00:b4eb810347ac073c29b62bb0fc2c70c40376aafb",1
"ConsoleApp.linkage","DefaultConstructorAllocator","DefaultConstructorAllocatorTest","isInCache(Class)","testMissingDefaultConstructor()","06-04-2011 12:02:40 AM +00:00:b4eb810347ac073c29b62bb0fc2c70c40376aafb",1
"ConsoleApp.linkage","DefaultConstructorAllocator","DefaultConstructorAllocatorTest","getConstructorCache()","assertInCache(Class)","31-03-2011 06:57:55 PM +00:00:9c894c748550690ee4b5b4f982a350da6a08e5f9",1
"ConsoleApp.linkage","DisjunctionExclusionStrategy","DisjunctionExclusionStrategyTest","shouldSkipClass(Class)","testSkipFieldsWithMixedTrueAndFalse()","04-02-2011 03:09:41 AM +00:00:114633fbf933c3085a189d20c62fadae0398fb39",1
"ConsoleApp.linkage","DisjunctionExclusionStrategy","DisjunctionExclusionStrategyTest","shouldSkipClass(Class)","testSkipFieldsWithFalseOnly()","04-02-2011 03:09:41 AM +00:00:114633fbf933c3085a189d20c62fadae0398fb39",1
"ConsoleApp.linkage","InnerClassExclusionStrategy","InnerClassExclusionStrategyTest","shouldSkipClass(Class)","testExcludeInnerClassObject()","04-02-2011 03:09:41 AM +00:00:114633fbf933c3085a189d20c62fadae0398fb39",1
"ConsoleApp.linkage","InnerClassExclusionStrategy","InnerClassExclusionStrategyTest","shouldSkipClass(Class)","testIncludeStaticNestedClassObject()","04-02-2011 03:09:41 AM +00:00:114633fbf933c3085a189d20c62fadae0398fb39",1
"ConsoleApp.linkage","NullExclusionStrategy","NullExclusionStrategyTest","shouldSkipClass(Class)","testNeverSkipsClass()","04-02-2011 03:09:41 AM +00:00:114633fbf933c3085a189d20c62fadae0398fb39",1
"ConsoleApp.linkage","VersionExclusionStrategy","VersionExclusionStrategyTest","shouldSkipClass(Class)","testClassAndFieldAreAtSameVersion()","04-02-2011 03:09:41 AM +00:00:114633fbf933c3085a189d20c62fadae0398fb39
07-10-2009 09:23:14 AM +00:00:839b0c2f94746b89c08212b9d199a174ae2c407b",2
"ConsoleApp.linkage","VersionExclusionStrategy","VersionExclusionStrategyTest","shouldSkipClass(Class)","testClassAndFieldAreBehindInVersion()","04-02-2011 03:09:41 AM +00:00:114633fbf933c3085a189d20c62fadae0398fb39
07-10-2009 09:23:14 AM +00:00:839b0c2f94746b89c08212b9d199a174ae2c407b",2
"ConsoleApp.linkage","VersionExclusionStrategy","VersionExclusionStrategyTest","shouldSkipClass(Class)","testClassAndFieldAreAheadInVersion()","04-02-2011 03:09:41 AM +00:00:114633fbf933c3085a189d20c62fadae0398fb39
07-10-2009 09:23:14 AM +00:00:839b0c2f94746b89c08212b9d199a174ae2c407b",2
"ConsoleApp.linkage","CallPath","CallPathTest","getResourceId()","testVersionIsSkipped()","09-11-2010 06:00:08 PM +00:00:be05420c6b6fe150faaba4152a2846fbab95408e",1
"ConsoleApp.linkage","CallPath","CallPathTest","getResourceId()","testVersionNotPresent()","09-11-2010 06:00:08 PM +00:00:be05420c6b6fe150faaba4152a2846fbab95408e",1
"ConsoleApp.linkage","CallPath","CallPathTest","getResourceId()","testResourceIdPresent()","09-11-2010 06:00:08 PM +00:00:be05420c6b6fe150faaba4152a2846fbab95408e",1
"ConsoleApp.linkage","CallPath","CallPathTest","getResourceId()","testResourceIdWithEndSlashPresent()","09-11-2010 06:00:08 PM +00:00:be05420c6b6fe150faaba4152a2846fbab95408e",1
"ConsoleApp.linkage","CallPath","CallPathTest","getResourceId()","testVersionAndResourceIdPresent()","09-11-2010 06:00:08 PM +00:00:be05420c6b6fe150faaba4152a2846fbab95408e",1
"ConsoleApp.linkage","MemoryRefStack","MemoryRefStackTest","pop()","testPushPeekAndPop()","03-10-2009 04:45:12 AM +00:00:2716d96516303964f8beeb3d3a05477235fb36bc",1
"ConsoleApp.linkage","MemoryRefStack","MemoryRefStackTest","pop()","testPopTooMany()","03-10-2009 04:45:12 AM +00:00:2716d96516303964f8beeb3d3a05477235fb36bc",1
"ConsoleApp.linkage","MemoryRefStack","MemoryRefStackTest","peek()","testPushPeekAndPop()","03-10-2009 04:45:12 AM +00:00:2716d96516303964f8beeb3d3a05477235fb36bc",1
"ConsoleApp.linkage","JsonParserAsync","JsonParserAsyncTest","next()","testParseTwoStrings()","12-08-2009 09:01:42 PM +00:00:f4f596ec3daee1cb1890d4655c7f7ca15b557df3",1
"ConsoleApp.linkage","JsonParserAsync","JsonParserAsyncTest","next()","testIterator()","12-08-2009 09:01:42 PM +00:00:f4f596ec3daee1cb1890d4655c7f7ca15b557df3",1
"ConsoleApp.linkage","JsonParserAsync","JsonParserAsyncTest","hasNext()","testIterator()","12-08-2009 09:01:42 PM +00:00:f4f596ec3daee1cb1890d4655c7f7ca15b557df3",1
"ConsoleApp.linkage","JsonFieldNameValidator","JsonFieldNameValidatorTest","validate(String)","testJavaAndJsKeywordAsFieldName()","19-05-2009 05:59:32 PM +00:00:cd9bd710927b7c2a2f01b75430a42e58b18fb456",1
